"PUNTOS","PUESTO","GOLESAF","GOLESEC","PARTIDOSGANADOS","PARTIDOSEMPATADOS","PARTIDOSPERDIDOS","ASCIENDE","DESCIENDE","EUROPA","EQUIPO","DIVISION","TEMPORADA","NUMJORNADA"
53,12,39,43,14,11,15,,,,"Rec. Huelva","2ª",1976,38
51,13,36,38,14,9,16,,,,"Tenerife","2ª",1976,38
49,14,42,51,13,10,15,,,,"Calvo Sotelo","2ª",1976,38
48,15,46,52,12,12,13,,,,"Barcelona B","2ª",1976,38
46,16,35,45,12,10,16,,,,"Terrassa","2ª",1976,38
44,17,31,46,11,11,16,,,,"Ensidesa","2ª",1976,38
43,18,35,45,12,7,18,,,,"Alavés","2ª",1976,38
42,19,44,38,11,9,12,,,,"Castellón","2ª",1976,38
39,20,35,48,10,9,17,,,,"Gimn. Tarragona","2ª",1976,38
74,1,49,29,22,8,6,,,1,"At. Madrid","1ª",1977,34
68,2,29,36,18,14,13,,,1,"Betis","1ª",1977,34
67,3,41,21,19,10,6,,,1,"Barcelona","1ª",1977,34
62,4,48,27,17,11,7,,,1,"Espanyol","1ª",1977,34
55,5,48,28,15,10,8,,,1,"Elche","1ª",1977,34
54,6,30,37,15,9,15,,,,"Celta","1ª",1977,34
54,7,38,44,15,9,14,,,,"Las Palmas","1ª",1977,34
54,8,45,29,15,9,8,,,,"Real Madrid","1ª",1977,34
53,9,41,37,15,8,12,,,,"Rac. Santander","1ª",1977,34
51,10,45,29,13,12,10,,,,"Sevilla","1ª",1977,34
50,11,37,39,14,8,13,,,,"Real Sociedad","1ª",1977,34
49,12,37,33,13,10,12,,,,"Valencia","1ª",1977,34
49,13,42,39,14,7,15,,,,"Hércules","1ª",1977,34
48,14,41,38,13,9,13,,,,"Ath. Bilbao","1ª",1977,34
48,15,36,63,13,9,19,,,,"Burgos","1ª",1977,34
47,16,53,39,13,8,10,,,,"Salamanca","1ª",1977,34
44,17,36,36,10,14,10,,1,,"Zaragoza","1ª",1977,34
32,18,33,29,7,11,12,,1,,"Málaga (C.D.)","1ª",1977,34
65,1,51,45,18,11,13,1,,,"Cádiz","2ª",1977,38
60,2,42,32,16,12,11,1,,,"Valladolid","2ª",1977,38
58,3,42,32,15,13,10,1,,,"Jaén","2ª",1977,38
58,4,58,50,17,7,16,,,,"Rayo Vallecano","2ª",1977,38
57,5,33,44,15,12,13,,,,"Oviedo","2ª",1977,38
56,6,39,43,15,11,15,,,,"Rec. Huelva","2ª",1977,38
55,7,42,51,15,10,15,,,,"Calvo Sotelo","2ª",1977,38
54,8,36,38,15,9,16,,,,"Tenerife","2ª",1977,38
54,9,44,38,15,9,12,,,,"Castellón","2ª",1977,38
53,10,25,32,14,11,14,,,,"Granada","2ª",1977,38
51,11,49,51,13,12,12,,,,"Sant Andreu","2ª",1977,38
49,12,32,37,14,7,16,,,,"Sporting Gijón","2ª",1977,38
47,13,37,48,12,11,15,,,,"Getafe","2ª",1977,38
46,14,35,45,12,10,16,,,,"Terrassa","2ª",1977,38
43,15,22,44,10,13,14,,,,"Dptivo. Coruña","2ª",1977,38
43,16,37,50,11,10,18,,,,"Pontevedra","2ª",1977,38
42,17,45,46,11,9,16,,,,"Córdoba","2ª",1977,38
42,18,46,52,10,12,13,,,,"Barcelona B","2ª",1977,38
37,19,37,48,10,7,21,,,,"Levante","2ª",1977,38
37,20,35,45,10,7,18,,,,"Alavés","2ª",1977,38
77,1,49,29,23,8,6,,,1,"At. Madrid","1ª",1978,34
72,2,45,29,21,9,8,,,1,"Real Madrid","1ª",1978,34
67,3,41,21,19,10,6,,,1,"Barcelona","1ª",1978,34
62,4,29,36,16,14,13,,,1,"Betis","1ª",1978,34
58,5,37,33,16,10,12,,,1,"Valencia","1ª",1978,34
57,6,45,29,15,12,10,,,,"Sevilla","1ª",1978,34
56,7,48,27,15,11,7,,,,"Espanyol","1ª",1978,34
55,8,48,28,15,10,8,,,,"Elche","1ª",1978,34
54,9,41,38,15,9,13,,,,"Ath. Bilbao","1ª",1978,34
53,10,41,37,15,8,12,,,,"Rac. Santander","1ª",1978,34
52,11,58,50,15,7,16,,,,"Rayo Vallecano","1ª",1978,34
50,12,53,39,14,8,10,,,,"Salamanca","1ª",1978,34
46,13,32,37,13,7,16,,,,"Sporting Gijón","1ª",1978,34
44,14,51,45,11,11,13,,,,"Cádiz","1ª",1978,34
44,15,37,39,12,8,13,,,,"Real Sociedad","1ª",1978,34
43,16,42,39,12,7,15,,,,"Hércules","1ª",1978,34
42,17,36,63,11,9,19,,1,,"Burgos","1ª",1978,34
39,18,38,44,10,9,14,,1,,"Las Palmas","1ª",1978,34
69,1,61,26,19,12,8,1,,,"Murcia","2ª",1978,38
68,2,36,36,18,14,10,1,,,"Zaragoza","2ª",1978,38
66,3,42,32,18,12,11,1,,,"Valladolid","2ª",1978,38
65,4,39,43,18,11,15,,,,"Rec. Huelva","2ª",1978,38
65,5,43,48,18,11,13,,,,"Barakaldo","2ª",1978,38
63,6,30,37,18,9,15,,,,"Celta","2ª",1978,38
56,7,25,32,15,11,14,,,,"Granada","2ª",1978,38
56,8,32,49,16,8,17,,,,"Osasuna","2ª",1978,38
55,9,35,45,15,10,16,,,,"Terrassa","2ª",1978,38
54,10,45,50,14,12,14,,,,"Sabadell","2ª",1978,38
49,11,22,44,12,13,14,,,,"Dptivo. Coruña","2ª",1978,38
48,12,33,44,12,12,13,,,,"Oviedo","2ª",1978,38
47,13,37,48,12,11,15,,,,"Getafe","2ª",1978,38
47,14,33,29,12,11,12,,,,"Málaga (C.D.)","2ª",1978,38
45,15,36,38,12,9,16,,,,"Tenerife","2ª",1978,38
43,16,35,45,12,7,18,,,,"Alavés","2ª",1978,38
43,17,42,32,10,13,10,,,,"Jaén","2ª",1978,38
40,18,42,51,10,10,15,,,,"Calvo Sotelo","2ª",1978,38
39,19,44,38,10,9,12,,,,"Castellón","2ª",1978,38
36,20,45,46,9,9,16,,,,"Córdoba","2ª",1978,38
70,1,41,21,20,10,6,,,1,"Barcelona","1ª",1979,34
63,2,45,29,18,9,8,,,1,"Real Madrid","1ª",1979,34
62,3,49,29,18,8,6,,,1,"At. Madrid","1ª",1979,34
62,4,48,27,17,11,7,,,1,"Espanyol","1ª",1979,34
56,5,37,39,16,8,13,,,1,"Real Sociedad","1ª",1979,34
55,6,37,33,15,10,12,,,,"Valencia","1ª",1979,34
53,7,36,36,13,14,10,,,,"Zaragoza","1ª",1979,34
53,8,53,39,15,8,10,,,,"Salamanca","1ª",1979,34
52,9,32,37,15,7,16,,,,"Sporting Gijón","1ª",1979,34
51,10,30,37,14,9,15,,,,"Celta","1ª",1979,34
51,11,45,29,13,12,10,,,,"Sevilla","1ª",1979,34
49,12,42,39,14,7,15,,,,"Hércules","1ª",1979,34
45,13,41,38,12,9,13,,,,"Ath. Bilbao","1ª",1979,34
45,14,38,44,12,9,14,,,,"Las Palmas","1ª",1979,34
44,15,41,37,12,8,12,,,,"Rac. Santander","1ª",1979,34
41,16,39,43,10,11,15,,,,"Rec. Huelva","1ª",1979,34
40,17,58,50,11,7,16,,1,,"Rayo Vallecano","1ª",1979,34
33,18,36,63,8,9,19,,1,,"Burgos","1ª",1979,34
75,1,42,32,21,12,11,1,,,"Valladolid","2ª",1979,38
74,2,29,36,20,14,13,1,,,"Betis","2ª",1979,38
68,3,62,44,21,5,17,1,,,"Almería (A.D.)","2ª",1979,38
64,4,48,28,18,10,8,,,,"Elche","2ª",1979,38
62,5,33,29,17,11,12,,,,"Málaga (C.D.)","2ª",1979,38
60,6,55,45,18,6,14,,,,"Real Madrid B","2ª",1979,38
59,7,37,48,16,11,15,,,,"Getafe","2ª",1979,38
57,8,61,26,15,12,8,,,,"Murcia","2ª",1979,38
56,9,32,49,16,8,17,,,,"Osasuna","2ª",1979,38
56,10,51,45,15,11,13,,,,"Cádiz","2ª",1979,38
56,11,25,32,15,11,14,,,,"Granada","2ª",1979,38
52,12,42,32,13,13,10,,,,"Jaén","2ª",1979,38
52,13,35,45,15,7,18,,,,"Alavés","2ª",1979,38
49,14,22,44,12,13,14,,,,"Dptivo. Coruña","2ª",1979,38
48,15,44,38,13,9,12,,,,"Castellón","2ª",1979,38
47,16,40,53,13,8,17,,,,"Algeciras","2ª",1979,38
47,17,43,48,12,11,13,,,,"Barakaldo","2ª",1979,38
42,18,45,50,10,12,14,,,,"Sabadell","2ª",1979,38
37,19,35,45,9,10,16,,,,"Terrassa","2ª",1979,38
37,20,22,80,10,7,27,,,,"Ferrol","2ª",1979,38
72,1,45,29,21,9,8,,,1,"Real Madrid","1ª",1980,34
65,2,29,36,17,14,13,,,1,"Betis","1ª",1980,34
64,3,41,21,18,10,6,,,1,"Barcelona","1ª",1980,34
60,4,45,29,16,12,10,,,1,"Sevilla","1ª",1980,34
59,5,49,29,17,8,6,,,1,"At. Madrid","1ª",1980,34
54,6,41,38,15,9,13,,,,"Ath. Bilbao","1ª",1980,34
53,7,37,39,15,8,13,,,,"Real Sociedad","1ª",1980,34
52,8,37,33,14,10,12,,,,"Valencia","1ª",1980,34
48,9,38,44,13,9,14,,,,"Las Palmas","1ª",1980,34
47,10,53,39,13,8,10,,,,"Salamanca","1ª",1980,34
44,11,48,27,11,11,7,,,,"Espanyol","1ª",1980,34
44,12,62,44,13,5,17,,,,"Almería (A.D.)","1ª",1980,34
44,13,36,36,10,14,10,,,,"Zaragoza","1ª",1980,34
40,14,32,37,11,7,16,,,,"Sporting Gijón","1ª",1980,34
38,15,33,29,9,11,12,,,,"Málaga (C.D.)","1ª",1980,34
37,16,42,39,10,7,15,,,,"Hércules","1ª",1980,34
37,17,58,50,10,7,16,,1,,"Rayo Vallecano","1ª",1980,34
24,18,36,63,5,9,19,,1,,"Burgos","1ª",1980,34
72,1,61,26,20,12,8,1,,,"Murcia","2ª",1980,38
65,2,51,45,18,11,13,1,,,"Cádiz","2ª",1980,38
65,3,32,49,19,8,17,1,,,"Osasuna","2ª",1980,38
61,4,48,28,17,10,8,,,,"Elche","2ª",1980,38
60,5,42,32,16,12,11,,,,"Valladolid","2ª",1980,38
60,6,30,37,17,9,15,,,,"Celta","2ª",1980,38
57,7,44,38,16,9,12,,,,"Castellón","2ª",1980,38
57,8,33,44,15,12,13,,,,"Oviedo","2ª",1980,38
55,9,22,44,14,13,14,,,,"Dptivo. Coruña","2ª",1980,38
54,10,55,45,16,6,14,,,,"Real Madrid B","2ª",1980,38
53,11,41,37,15,8,12,,,,"Rac. Santander","2ª",1980,38
51,12,45,50,13,12,14,,,,"Sabadell","2ª",1980,38
49,13,37,48,14,7,21,,,,"Levante","2ª",1980,38
47,14,49,49,11,14,13,,,,"Palencia","2ª",1980,38
47,15,37,48,12,11,15,,,,"Getafe","2ª",1980,38
44,16,25,32,11,11,14,,,,"Granada","2ª",1980,38
44,17,39,43,11,11,15,,,,"Rec. Huelva","2ª",1980,38
40,18,35,45,11,7,18,,,,"Alavés","2ª",1980,38
36,19,35,48,9,9,17,,,,"Gimn. Tarragona","2ª",1980,38
29,20,40,53,7,8,17,,,,"Algeciras","2ª",1980,38
72,1,45,29,21,9,8,,,1,"Real Madrid","1ª",1981,34
68,2,49,29,20,8,6,,,1,"At. Madrid","1ª",1981,34
67,3,41,21,19,10,6,,,1,"Barcelona","1ª",1981,34
62,4,29,36,16,14,13,,,1,"Betis","1ª",1981,34
57,5,45,29,15,12,10,,,1,"Sevilla","1ª",1981,34
55,6,37,33,15,10,12,,,,"Valencia","1ª",1981,34
53,7,48,27,14,11,7,,,,"Espanyol","1ª",1981,34
53,8,37,39,15,8,13,,,,"Real Sociedad","1ª",1981,34
51,9,42,32,13,12,11,,,,"Valladolid","1ª",1981,34
47,10,32,49,13,8,17,,,,"Osasuna","1ª",1981,34
46,11,32,37,13,7,16,,,,"Sporting Gijón","1ª",1981,34
45,12,61,26,11,12,8,,,,"Murcia","1ª",1981,34
42,13,41,38,11,9,13,,,,"Ath. Bilbao","1ª",1981,34
41,14,53,39,11,8,10,,,,"Salamanca","1ª",1981,34
35,15,36,36,7,14,10,,,,"Zaragoza","1ª",1981,34
35,16,62,44,10,5,17,,,,"Almería (A.D.)","1ª",1981,34
34,17,42,39,9,7,15,,1,,"Hércules","1ª",1981,34
33,18,38,44,8,9,14,,1,,"Las Palmas","1ª",1981,34
65,1,51,45,18,11,13,1,,,"Cádiz","2ª",1981,38
62,2,41,37,18,8,12,1,,,"Rac. Santander","2ª",1981,38
61,3,48,28,17,10,8,1,,,"Elche","2ª",1981,38
54,4,44,38,15,9,12,,,,"Castellón","2ª",1981,38
53,5,43,48,14,11,13,,,,"Barakaldo","2ª",1981,38
53,6,49,49,13,14,13,,,,"Palencia","2ª",1981,38
52,7,58,50,15,7,16,,,,"Rayo Vallecano","2ª",1981,38
51,8,55,45,15,6,14,,,,"Real Madrid B","2ª",1981,38
50,9,39,43,13,11,15,,,,"Rec. Huelva","2ª",1981,38
48,10,44,55,13,9,16,,,,"At. Madrid B","2ª",1981,38
46,11,35,45,13,7,18,,,,"Alavés","2ª",1981,38
45,12,29,59,12,9,21,,,,"Linares","2ª",1981,38
45,13,45,50,11,12,14,,,,"Sabadell","2ª",1981,38
43,14,37,48,12,7,21,,,,"Levante","2ª",1981,38
42,15,33,44,10,12,13,,,,"Oviedo","2ª",1981,38
41,16,37,48,10,11,15,,,,"Getafe","2ª",1981,38
41,17,25,32,10,11,14,,,,"Granada","2ª",1981,38
41,18,33,29,10,11,12,,,,"Málaga (C.D.)","2ª",1981,38
39,19,36,63,10,9,19,,,,"Burgos","2ª",1981,38
71,1,49,29,21,8,6,,,1,"At. Madrid","1ª",1982,34
70,2,41,21,20,10,6,,,1,"Barcelona","1ª",1982,34
68,3,29,36,18,14,13,,,1,"Betis","1ª",1982,34
66,4,45,29,19,9,8,,,1,"Real Madrid","1ª",1982,34
64,5,37,33,18,10,12,,,1,"Valencia","1ª",1982,34
63,6,42,32,17,12,11,,,,"Valladolid","1ª",1982,34
59,7,37,39,17,8,13,,,,"Real Sociedad","1ª",1982,34
59,8,51,45,16,11,13,,,,"Cádiz","1ª",1982,34
56,9,41,37,16,8,12,,,,"Rac. Santander","1ª",1982,34
54,10,41,38,15,9,13,,,,"Ath. Bilbao","1ª",1982,34
53,11,48,27,14,11,7,,,,"Espanyol","1ª",1982,34
51,12,45,29,13,12,10,,,,"Sevilla","1ª",1982,34
44,13,32,49,12,8,17,,,,"Osasuna","1ª",1982,34
42,14,38,44,11,9,14,,,,"Las Palmas","1ª",1982,34
41,15,36,36,9,14,10,,,,"Zaragoza","1ª",1982,34
37,16,42,39,10,7,15,,,,"Hércules","1ª",1982,34
37,17,32,37,10,7,16,,1,,"Sporting Gijón","1ª",1982,34
21,18,44,38,4,9,12,,1,,"Castellón","1ª",1982,34
72,1,30,37,21,9,15,1,,,"Celta","2ª",1982,38
68,2,53,39,20,8,10,1,,,"Salamanca","2ª",1982,38
66,3,61,26,18,12,8,1,,,"Murcia","2ª",1982,38
64,4,48,28,18,10,8,,,,"Elche","2ª",1982,38
60,5,37,33,17,9,14,,,,"Mallorca","2ª",1982,38
56,6,33,29,15,11,12,,,,"Málaga (C.D.)","2ª",1982,38
50,7,39,43,13,11,15,,,,"Rec. Huelva","2ª",1982,38
49,8,58,50,14,7,16,,,,"Rayo Vallecano","2ª",1982,38
48,9,55,45,14,6,14,,,,"Real Madrid B","2ª",1982,38
46,10,22,44,11,13,14,,,,"Dptivo. Coruña","2ª",1982,38
45,11,45,50,11,12,14,,,,"Sabadell","2ª",1982,38
45,12,36,63,12,9,19,,,,"Burgos","2ª",1982,38
43,13,35,45,12,7,18,,,,"Alavés","2ª",1982,38
42,14,44,55,11,9,16,,,,"At. Madrid B","2ª",1982,38
39,15,33,44,9,12,13,,,,"Oviedo","2ª",1982,38
39,16,45,46,10,9,16,,,,"Córdoba","2ª",1982,38
33,17,29,59,8,9,21,,,,"Linares","2ª",1982,38
32,18,62,44,9,5,17,,,,"Almería (A.D.)","2ª",1982,38
31,19,37,48,8,7,21,,,,"Levante","2ª",1982,38
29,20,37,48,6,11,15,,,,"Getafe","2ª",1982,38
72,1,45,29,21,9,8,,,1,"Real Madrid","1ª",1983,34
71,2,49,29,21,8,6,,,1,"At. Madrid","1ª",1983,34
61,3,41,21,17,10,6,,,1,"Barcelona","1ª",1983,34
57,4,41,38,16,9,13,,,1,"Ath. Bilbao","1ª",1983,34
56,5,48,27,15,11,7,,,1,"Espanyol","1ª",1983,34
54,6,45,29,14,12,10,,,,"Sevilla","1ª",1983,34
54,7,42,32,14,12,11,,,,"Valladolid","1ª",1983,34
53,8,36,36,13,14,10,,,,"Zaragoza","1ª",1983,34
53,9,29,36,13,14,13,,,,"Betis","1ª",1983,34
48,10,30,37,13,9,15,,,,"Celta","1ª",1983,34
47,11,53,39,13,8,10,,,,"Salamanca","1ª",1983,34
47,12,41,37,13,8,12,,,,"Rac. Santander","1ª",1983,34
46,13,37,33,12,10,12,,,,"Valencia","1ª",1983,34
44,14,37,39,12,8,13,,,,"Real Sociedad","1ª",1983,34
44,15,32,49,12,8,17,,,,"Osasuna","1ª",1983,34
44,16,33,29,11,11,12,,,,"Málaga (C.D.)","1ª",1983,34
36,17,38,44,9,9,14,,1,,"Las Palmas","1ª",1983,34
31,18,32,37,8,7,16,,1,,"Sporting Gijón","1ª",1983,34
75,1,61,26,21,12,8,1,,,"Murcia","2ª",1983,38
64,2,22,44,17,13,14,1,,,"Dptivo. Coruña","2ª",1983,38
64,3,48,28,18,10,8,1,,,"Elche","2ª",1983,38
59,4,51,45,16,11,13,,,,"Cádiz","2ª",1983,38
57,5,37,33,16,9,14,,,,"Mallorca","2ª",1983,38
56,6,49,49,14,14,13,,,,"Palencia","2ª",1983,38
55,7,58,50,16,7,16,,,,"Rayo Vallecano","2ª",1983,38
51,8,55,45,15,6,14,,,,"Real Madrid B","2ª",1983,38
48,9,33,44,12,12,13,,,,"Oviedo","2ª",1983,38
45,10,46,52,11,12,13,,,,"Barcelona B","2ª",1983,38
44,11,40,46,10,14,14,,,,"Cartagena F.C.","2ª",1983,38
44,12,39,43,11,11,15,,,,"Rec. Huelva","2ª",1983,38
43,13,42,39,12,7,15,,,,"Hércules","2ª",1983,38
39,14,29,59,10,9,21,,,,"Linares","2ª",1983,38
39,15,44,38,10,9,12,,,,"Castellón","2ª",1983,38
39,16,45,50,9,12,14,,,,"Sabadell","2ª",1983,38
34,17,36,56,9,7,22,,,,"Xerez","2ª",1983,38
33,18,44,55,8,9,16,,,,"At. Madrid B","2ª",1983,38
31,19,35,45,8,7,18,,,,"Alavés","2ª",1983,38
27,20,45,46,6,9,16,,,,"Córdoba","2ª",1983,38
77,1,29,36,21,14,13,,,1,"Betis","1ª",1984,34
71,2,49,29,21,8,6,,,1,"At. Madrid","1ª",1984,34
66,3,45,29,19,9,8,,,1,"Real Madrid","1ª",1984,34
64,4,41,21,18,10,6,,,1,"Barcelona","1ª",1984,34
57,5,61,26,15,12,8,,,1,"Murcia","1ª",1984,34
57,6,45,29,15,12,10,,,,"Sevilla","1ª",1984,34
57,7,42,32,15,12,11,,,,"Valladolid","1ª",1984,34
54,8,41,38,15,9,13,,,,"Ath. Bilbao","1ª",1984,34
47,9,33,29,12,11,12,,,,"Málaga (C.D.)","1ª",1984,34
47,10,37,39,13,8,13,,,,"Real Sociedad","1ª",1984,34
47,11,48,27,12,11,7,,,,"Espanyol","1ª",1984,34
41,12,36,36,9,14,10,,,,"Zaragoza","1ª",1984,34
41,13,32,49,11,8,17,,,,"Osasuna","1ª",1984,34
40,14,37,33,10,10,12,,,,"Valencia","1ª",1984,34
38,15,51,45,9,11,13,,,,"Cádiz","1ª",1984,34
35,16,53,39,9,8,10,,,,"Salamanca","1ª",1984,34
31,17,32,37,8,7,16,,1,,"Sporting Gijón","1ª",1984,34
30,18,37,33,7,9,14,,1,,"Mallorca","1ª",1984,34
70,1,61,39,20,10,13,1,,,"Ath. Bilbao B","2ª",1984,38
64,2,48,28,18,10,8,1,,,"Elche","2ª",1984,38
60,3,30,37,17,9,15,1,,,"Celta","2ª",1984,38
60,4,55,45,18,6,14,,,,"Real Madrid B","2ª",1984,38
59,5,41,37,17,8,12,,,,"Rac. Santander","2ª",1984,38
54,6,46,52,14,12,13,,,,"Barcelona B","2ª",1984,38
49,7,42,39,14,7,15,,,,"Hércules","2ª",1984,38
49,8,22,44,12,13,14,,,,"Dptivo. Coruña","2ª",1984,38
48,9,33,44,12,12,13,,,,"Oviedo","2ª",1984,38
48,10,29,59,13,9,21,,,,"Linares","2ª",1984,38
47,11,25,32,12,11,14,,,,"Granada","2ª",1984,38
47,12,39,43,12,11,15,,,,"Rec. Huelva","2ª",1984,38
45,13,44,55,12,9,16,,,,"At. Madrid B","2ª",1984,38
45,14,44,38,12,9,12,,,,"Castellón","2ª",1984,38
42,15,36,38,11,9,16,,,,"Tenerife","2ª",1984,38
42,16,38,44,11,9,14,,,,"Las Palmas","2ª",1984,38
41,17,40,46,9,14,14,,,,"Cartagena F.C.","2ª",1984,38
38,18,49,49,8,14,13,,,,"Palencia","2ª",1984,38
35,19,40,53,9,8,17,,,,"Algeciras","2ª",1984,38
31,20,58,50,8,7,16,,,,"Rayo Vallecano","2ª",1984,38
67,1,41,21,19,10,6,,,1,"Barcelona","1ª",1985,34
62,2,49,29,18,8,6,,,1,"At. Madrid","1ª",1985,34
51,3,45,29,14,9,8,,,1,"Real Madrid","1ª",1985,34
50,4,41,37,14,8,12,,,1,"Rac. Santander","1ª",1985,34
50,5,48,27,13,11,7,,,1,"Espanyol","1ª",1985,34
50,6,29,36,12,14,13,,,,"Betis","1ª",1985,34
45,7,61,26,11,12,8,,,,"Murcia","1ª",1985,34
41,8,32,49,11,8,17,,,,"Osasuna","1ª",1985,34
40,9,48,28,10,10,8,,,,"Elche","1ª",1985,34
39,10,42,32,9,12,11,,,,"Valladolid","1ª",1985,34
39,11,45,29,9,12,10,,,,"Sevilla","1ª",1985,34
39,12,41,38,10,9,13,,,,"Ath. Bilbao","1ª",1985,34
37,13,32,37,10,7,16,,,,"Sporting Gijón","1ª",1985,34
35,14,37,39,9,8,13,,,,"Real Sociedad","1ª",1985,34
34,15,37,33,8,10,12,,,,"Valencia","1ª",1985,34
34,16,42,39,9,7,15,,,,"Hércules","1ª",1985,34
32,17,36,36,6,14,10,,1,,"Zaragoza","1ª",1985,34
32,18,33,29,7,11,12,,1,,"Málaga (C.D.)","1ª",1985,34
72,1,30,37,21,9,15,1,,,"Celta","2ª",1985,38
63,2,37,33,18,9,14,1,,,"Mallorca","2ª",1985,38
62,3,51,45,17,11,13,1,,,"Cádiz","2ª",1985,38
61,4,61,39,17,10,13,,,,"Ath. Bilbao B","2ª",1985,38
60,5,38,44,17,9,14,,,,"Las Palmas","2ª",1985,38
56,6,40,48,14,14,16,,,,"Logroñés","2ª",1985,38
53,7,53,39,15,8,10,,,,"Salamanca","2ª",1985,38
53,8,39,43,14,11,15,,,,"Rec. Huelva","2ª",1985,38
52,9,22,44,13,13,14,,,,"Dptivo. Coruña","2ª",1985,38
51,10,44,55,14,9,16,,,,"At. Madrid B","2ª",1985,38
51,11,55,45,15,6,14,,,,"Real Madrid B","2ª",1985,38
51,12,45,50,13,12,14,,,,"Sabadell","2ª",1985,38
50,13,40,46,12,14,14,,,,"Cartagena F.C.","2ª",1985,38
48,14,46,52,12,12,13,,,,"Barcelona B","2ª",1985,38
48,15,44,38,13,9,12,,,,"Castellón","2ª",1985,38
48,16,36,38,13,9,16,,,,"Tenerife","2ª",1985,38
44,17,25,32,11,11,14,,,,"Granada","2ª",1985,38
42,18,33,44,10,12,13,,,,"Oviedo","2ª",1985,38
40,19,42,51,10,10,15,,,,"Calvo Sotelo","2ª",1985,38
39,20,23,59,10,9,19,,,,"Lorca","2ª",1985,38
78,1,45,29,23,9,8,,,1,"Real Madrid","1ª",1986,34
74,2,49,29,22,8,6,,,1,"At. Madrid","1ª",1986,34
63,3,42,32,17,12,11,,,1,"Valladolid","1ª",1986,34
61,4,41,21,17,10,6,,,1,"Barcelona","1ª",1986,34
56,5,48,27,15,11,7,,,1,"Espanyol","1ª",1986,34
53,6,29,36,13,14,13,,,,"Betis","1ª",1986,34
50,7,37,39,14,8,13,,,,"Real Sociedad","1ª",1986,34
47,8,51,45,12,11,13,,,,"Cádiz","1ª",1986,34
45,9,45,29,11,12,10,,,,"Sevilla","1ª",1986,34
45,10,41,38,12,9,13,,,,"Ath. Bilbao","1ª",1986,34
44,11,36,36,10,14,10,,,,"Zaragoza","1ª",1986,34
44,12,41,37,12,8,12,,,,"Rac. Santander","1ª",1986,34
42,13,30,37,11,9,15,,,,"Celta","1ª",1986,34
39,14,38,44,10,9,14,,,,"Las Palmas","1ª",1986,34
37,15,37,33,9,10,12,,,,"Valencia","1ª",1986,34
37,16,42,39,10,7,15,,,,"Hércules","1ª",1986,34
35,17,32,49,9,8,17,,1,,"Osasuna","1ª",1986,34
34,18,32,37,9,7,16,,1,,"Sporting Gijón","1ª",1986,34
79,1,61,39,23,10,13,1,,,"Ath. Bilbao B","2ª",1986,38
72,2,61,26,20,12,8,1,,,"Murcia","2ª",1986,38
69,3,37,33,20,9,14,1,,,"Mallorca","2ª",1986,38
64,4,48,28,18,10,8,,,,"Elche","2ª",1986,38
62,5,39,43,17,11,15,,,,"Rec. Huelva","2ª",1986,38
57,6,33,44,15,12,13,,,,"Oviedo","2ª",1986,38
55,7,49,45,16,7,15,,,,"Sestao","2ª",1986,38
55,8,22,44,14,13,14,,,,"Dptivo. Coruña","2ª",1986,38
51,9,44,38,14,9,12,,,,"Castellón","2ª",1986,38
51,10,46,52,13,12,13,,,,"Barcelona B","2ª",1986,38
51,11,55,45,15,6,14,,,,"Real Madrid B","2ª",1986,38
48,12,45,50,12,12,14,,,,"Sabadell","2ª",1986,38
46,13,58,50,13,7,16,,,,"Rayo Vallecano","2ª",1986,38
44,14,40,48,10,14,16,,,,"Logroñés","2ª",1986,38
43,15,35,62,12,7,19,,,,"Albacete","2ª",1986,38
41,16,33,29,10,11,12,,,,"Málaga (C.D.)","2ª",1986,38
38,17,40,46,8,14,14,,,,"Cartagena F.C.","2ª",1986,38
37,18,35,55,9,10,19,,,,"Zaragoza B","2ª",1986,38
36,19,36,38,9,9,16,,,,"Tenerife","2ª",1986,38
33,20,44,55,8,9,16,,,,"At. Madrid B","2ª",1986,38
85,1,41,21,25,10,6,,,1,"Barcelona","1ª",1987,44
78,2,61,26,22,12,8,,,1,"Murcia","1ª",1987,44
77,3,29,36,21,14,13,,,1,"Betis","1ª",1987,44
75,4,45,29,22,9,8,,,1,"Real Madrid","1ª",1987,44
74,5,49,29,22,8,6,,,1,"At. Madrid","1ª",1987,44
71,6,48,27,20,11,7,,,,"Espanyol","1ª",1987,44
63,7,42,32,17,12,11,,,,"Valladolid","1ª",1987,44
60,8,37,33,17,9,14,,,,"Mallorca","1ª",1987,44
56,9,37,39,16,8,13,,,,"Real Sociedad","1ª",1987,44
53,10,41,37,15,8,12,,,,"Rac. Santander","1ª",1987,44
51,11,45,29,13,12,10,,,,"Sevilla","1ª",1987,44
50,12,36,36,12,14,10,,,,"Zaragoza","1ª",1987,44
50,13,51,45,13,11,13,,,,"Cádiz","1ª",1987,44
48,14,38,44,13,9,14,,,,"Las Palmas","1ª",1987,44
48,15,41,38,13,9,13,,,,"Ath. Bilbao","1ª",1987,44
47,16,32,49,13,8,17,,,,"Osasuna","1ª",1987,44
46,17,32,37,13,7,16,,1,,"Sporting Gijón","1ª",1987,44
45,18,45,50,11,12,14,,1,,"Sabadell","1ª",1987,44
84,1,30,37,25,9,15,1,,,"Celta","2ª",1987,44
74,2,39,43,21,11,15,1,,,"Rec. Huelva","2ª",1987,44
73,3,37,33,21,10,12,1,,,"Valencia","2ª",1987,44
68,4,40,48,18,14,16,,,,"Logroñés","2ª",1987,44
64,5,49,45,19,7,15,,,,"Sestao","2ª",1987,44
60,6,46,52,16,12,13,,,,"Barcelona B","2ª",1987,44
58,7,22,44,15,13,14,,,,"Dptivo. Coruña","2ª",1987,44
58,8,61,39,16,10,13,,,,"Ath. Bilbao B","2ª",1987,44
57,9,59,53,15,12,17,,,,"Figueres","2ª",1987,44
55,10,48,28,15,10,8,,,,"Elche","2ª",1987,44
53,11,40,46,13,14,14,,,,"Cartagena F.C.","2ª",1987,44
51,12,44,38,14,9,12,,,,"Castellón","2ª",1987,44
51,13,33,44,13,12,13,,,,"Oviedo","2ª",1987,44
49,14,42,39,14,7,15,,,,"Hércules","2ª",1987,44
47,15,33,29,12,11,12,,,,"Málaga (C.D.)","2ª",1987,44
46,16,58,50,13,7,16,,,,"Rayo Vallecano","2ª",1987,44
42,17,55,45,12,6,14,,,,"Real Madrid B","2ª",1987,44
25,18,36,56,6,7,22,,,,"Xerez","2ª",1987,44
17,19,32,49,3,8,17,,1,,"Osasuna","Descenso a 2ª",1987,0
81,1,45,29,24,9,8,,,1,"Real Madrid","1ª",1988,38
74,2,49,29,22,8,6,,,1,"At. Madrid","1ª",1988,38
65,3,29,36,17,14,13,,,1,"Betis","1ª",1988,38
60,4,30,37,17,9,15,,,1,"Celta","1ª",1988,38
57,5,42,32,15,12,11,,,1,"Valladolid","1ª",1988,38
55,6,41,21,15,10,6,,,,"Barcelona","1ª",1988,38
53,7,37,39,15,8,13,,,,"Real Sociedad","1ª",1988,38
48,8,41,38,13,9,13,,,,"Ath. Bilbao","1ª",1988,38
48,9,61,26,12,12,8,,,,"Murcia","1ª",1988,38
48,10,37,33,13,9,14,,,,"Mallorca","1ª",1988,38
47,11,32,49,13,8,17,,,,"Osasuna","1ª",1988,38
47,12,48,27,12,11,7,,,,"Espanyol","1ª",1988,38
47,13,51,45,12,11,13,,,,"Cádiz","1ª",1988,38
44,14,40,48,10,14,16,,,,"Logroñés","1ª",1988,38
43,15,37,33,11,10,12,,,,"Valencia","1ª",1988,38
43,16,32,37,12,7,16,,,,"Sporting Gijón","1ª",1988,38
42,17,38,44,11,9,14,,,,"Las Palmas","1ª",1988,38
42,18,45,29,10,12,10,,,,"Sevilla","1ª",1988,38
41,19,36,36,9,14,10,,1,,"Zaragoza","1ª",1988,38
36,20,45,50,8,12,14,,1,,"Sabadell","1ª",1988,38
67,1,48,28,19,10,8,1,,,"Elche","2ª",1988,38
60,2,59,53,16,12,17,1,,,"Figueres","2ª",1988,38
58,3,61,39,16,10,13,1,,,"Ath. Bilbao B","2ª",1988,38
57,4,53,37,15,12,11,,,,"Lleida","2ª",1988,38
57,5,33,44,15,12,13,,,,"Oviedo","2ª",1988,38
56,6,33,29,15,11,12,,,,"Málaga (C.D.)","2ª",1988,38
52,7,58,50,15,7,16,,,,"Rayo Vallecano","2ª",1988,38
50,8,41,37,14,8,12,,,,"Rac. Santander","2ª",1988,38
48,9,46,52,12,12,13,,,,"Barcelona B","2ª",1988,38
46,10,42,39,13,7,15,,,,"Hércules","2ª",1988,38
46,11,36,56,13,7,22,,,,"Xerez","2ª",1988,38
45,12,36,38,12,9,16,,,,"Tenerife","2ª",1988,38
45,13,44,38,12,9,12,,,,"Castellón","2ª",1988,38
45,14,34,50,11,12,15,,,,"Burgos (Real)","2ª",1988,38
45,15,55,45,13,6,14,,,,"Real Madrid B","2ª",1988,38
44,16,39,43,11,11,15,,,,"Rec. Huelva","2ª",1988,38
43,17,49,45,12,7,15,,,,"Sestao","2ª",1988,38
41,18,40,46,9,14,14,,,,"Cartagena F.C.","2ª",1988,38
37,19,22,44,8,13,14,,,,"Dptivo. Coruña","2ª",1988,38
32,20,25,32,7,11,14,,,,"Granada","2ª",1988,38
33,21,61,26,7,12,8,1,,,"Murcia","Promoción 1ª/2ª",1988,0
21,22,33,44,3,12,13,1,,,"Oviedo","Promoción 1ª/2ª",1988,0
75,1,45,29,22,9,8,,,1,"Real Madrid","1ª",1989,38
74,2,49,29,22,8,6,,,1,"At. Madrid","1ª",1989,38
73,3,41,21,21,10,6,,,1,"Barcelona","1ª",1989,38
66,4,42,32,18,12,11,,,1,"Valladolid","1ª",1989,38
54,5,30,37,15,9,15,,,1,"Celta","1ª",1989,38
53,6,29,36,13,14,13,,,,"Betis","1ª",1989,38
52,7,37,33,14,10,12,,,,"Valencia","1ª",1989,38
48,8,45,29,12,12,10,,,,"Sevilla","1ª",1989,38
45,9,61,26,11,12,8,,,,"Murcia","1ª",1989,38
45,10,41,38,12,9,13,,,,"Ath. Bilbao","1ª",1989,38
44,11,36,36,10,14,10,,,,"Zaragoza","1ª",1989,38
42,12,33,44,10,12,13,,,,"Oviedo","1ª",1989,38
41,13,32,49,11,8,17,,,,"Osasuna","1ª",1989,38
41,14,37,39,11,8,13,,,,"Real Sociedad","1ª",1989,38
38,15,48,27,9,11,7,,,,"Espanyol","1ª",1989,38
35,16,40,48,7,14,16,,,,"Logroñés","1ª",1989,38
35,17,33,29,8,11,12,,,,"Málaga (C.D.)","1ª",1989,38
34,18,32,37,9,7,16,,,,"Sporting Gijón","1ª",1989,38
34,19,48,28,8,10,8,,1,,"Elche","1ª",1989,38
32,1,51,45,7,11,13,,1,,"Cádiz","1ª",1989,38
60,2,37,33,17,9,14,1,,,"Mallorca","2ª",1989,38
57,3,36,38,16,9,16,1,,,"Tenerife","2ª",1989,38
56,4,41,37,16,8,12,1,,,"Rac. Santander","2ª",1989,38
54,5,59,53,14,12,17,,,,"Figueres","2ª",1989,38
54,6,44,38,15,9,12,,,,"Castellón","2ª",1989,38
52,7,49,45,15,7,15,,,,"Sestao","2ª",1989,38
50,8,39,43,13,11,15,,,,"Rec. Huelva","2ª",1989,38
48,9,55,45,14,6,14,,,,"Real Madrid B","2ª",1989,38
48,10,45,50,12,12,14,,,,"Sabadell","2ª",1989,38
45,11,53,37,11,12,11,,,,"Lleida","2ª",1989,38
44,12,53,39,12,8,10,,,,"Salamanca","2ª",1989,38
43,13,58,50,12,7,16,,,,"Rayo Vallecano","2ª",1989,38
42,14,36,42,8,18,12,,,,"Éibar","2ª",1989,38
42,15,34,50,10,12,15,,,,"Burgos (Real)","2ª",1989,38
42,16,38,44,11,9,14,,,,"Las Palmas","2ª",1989,38
40,17,22,44,9,13,14,,,,"Dptivo. Coruña","2ª",1989,38
39,18,46,52,9,12,13,,,,"Barcelona B","2ª",1989,38
37,19,36,56,10,7,22,,,,"Xerez","2ª",1989,38
35,20,29,58,9,8,21,,,,"Alzira","2ª",1989,38
14,21,19,75,3,5,30,,,,"Mollerussa","2ª",1989,38
35,22,29,36,7,14,13,1,,,"Betis","Promoción 1ª/2ª",1989,0
27,23,37,33,6,9,14,1,,,"Mallorca","Promoción 1ª/2ª",1989,0
26,24,48,27,5,11,7,1,,,"Espanyol","Promoción 1ª/2ª",1989,0
21,25,36,38,4,9,16,1,,,"Tenerife","Promoción 1ª/2ª",1989,0
78,1,45,29,23,9,8,,,1,"Real Madrid","1ª",1990,38
77,2,49,29,23,8,6,,,1,"At. Madrid","1ª",1990,38
70,3,41,21,20,10,6,,,1,"Barcelona","1ª",1990,38
61,4,37,33,17,10,12,,,1,"Valencia","1ª",1990,38
57,5,45,29,15,12,10,,,1,"Sevilla","1ª",1990,38
56,6,36,36,14,14,10,,,,"Zaragoza","1ª",1990,38
53,7,40,48,13,14,16,,,,"Logroñés","1ª",1990,38
50,8,32,49,14,8,17,,,,"Osasuna","1ª",1990,38
50,9,51,45,13,11,13,,,,"Cádiz","1ª",1990,38
48,10,42,32,12,12,11,,,,"Valladolid","1ª",1990,38
48,11,33,44,12,12,13,,,,"Oviedo","1ª",1990,38
47,12,37,39,13,8,13,,,,"Real Sociedad","1ª",1990,38
45,13,37,33,12,9,14,,,,"Mallorca","1ª",1990,38
39,14,41,38,10,9,13,,,,"Ath. Bilbao","1ª",1990,38
39,15,30,37,10,9,15,,,,"Celta","1ª",1990,38
36,16,44,38,9,9,12,,,,"Castellón","1ª",1990,38
36,17,36,38,9,9,16,,,,"Tenerife","1ª",1990,38
35,18,33,29,8,11,12,,,,"Málaga (C.D.)","1ª",1990,38
34,19,58,50,9,7,16,,1,,"Rayo Vallecano","1ª",1990,38
34,20,32,37,9,7,16,,1,,"Sporting Gijón","1ª",1990,38
69,1,34,50,19,12,15,1,,,"Burgos (Real)","2ª",1990,38
62,2,29,36,16,14,13,1,,,"Betis","2ª",1990,38
61,3,61,39,17,10,13,1,,,"Ath. Bilbao B","2ª",1990,38
59,4,48,27,16,11,7,,,,"Espanyol","2ª",1990,38
57,5,59,53,15,12,17,,,,"Figueres","2ª",1990,38
57,6,61,26,15,12,8,,,,"Murcia","2ª",1990,38
55,7,22,44,14,13,14,,,,"Dptivo. Coruña","2ª",1990,38
53,8,29,39,13,14,11,,,,"Palamós","2ª",1990,38
50,9,53,39,14,8,10,,,,"Salamanca","2ª",1990,38
49,10,48,28,13,10,8,,,,"Elche","2ª",1990,38
48,11,38,44,13,9,14,,,,"Las Palmas","2ª",1990,38
48,12,36,42,10,18,12,,,,"Éibar","2ª",1990,38
47,13,39,43,12,11,15,,,,"Rec. Huelva","2ª",1990,38
45,14,45,50,11,12,14,,,,"Sabadell","2ª",1990,38
42,15,55,45,12,6,14,,,,"Real Madrid B","2ª",1990,38
41,16,41,37,11,8,12,,,,"Rac. Santander","2ª",1990,38
39,17,44,55,10,9,16,,,,"At. Madrid B","2ª",1990,38
37,18,49,45,10,7,15,,,,"Sestao","2ª",1990,38
34,19,37,48,9,7,21,,,,"Levante","2ª",1990,38
28,20,36,56,7,7,22,,,,"Xerez","2ª",1990,38
26,21,48,27,5,11,7,1,,,"Espanyol","Promoción 1ª/2ª",1990,0
20,22,33,29,3,11,12,1,,,"Málaga (C.D.)","Promoción 1ª/2ª",1990,0
73,1,41,21,21,10,6,,,1,"Barcelona","1ª",1991,38
71,2,49,29,21,8,6,,,1,"At. Madrid","1ª",1991,38
66,3,45,29,19,9,8,,,1,"Real Madrid","1ª",1991,38
60,4,45,29,16,12,10,,,1,"Sevilla","1ª",1991,38
56,5,48,27,15,11,7,,,1,"Espanyol","1ª",1991,38
54,6,42,32,14,12,11,,,,"Valladolid","1ª",1991,38
52,7,37,33,14,10,12,,,,"Valencia","1ª",1991,38
51,8,33,44,13,12,13,,,,"Oviedo","1ª",1991,38
50,9,32,49,14,8,17,,,,"Osasuna","1ª",1991,38
48,10,41,38,13,9,13,,,,"Ath. Bilbao","1ª",1991,38
48,11,36,38,13,9,16,,,,"Tenerife","1ª",1991,38
46,12,32,37,13,7,16,,,,"Sporting Gijón","1ª",1991,38
45,13,34,50,11,12,15,,,,"Burgos (Real)","1ª",1991,38
44,14,51,45,11,11,13,,,,"Cádiz","1ª",1991,38
68,1,49,29,20,8,6,,,1,"At. Madrid","1ª",1973,34
64,2,41,21,18,10,6,,,1,"Barcelona","1ª",1973,34
62,3,48,27,17,11,7,,,1,"Espanyol","1ª",1973,34
60,4,45,29,17,9,8,,,1,"Real Madrid","1ª",1973,34
57,5,30,37,16,9,15,,,1,"Celta","1ª",1973,34
53,6,29,36,13,14,13,,,,"Betis","1ª",1973,34
48,7,44,38,13,9,12,,,,"Castellón","1ª",1973,34
47,8,37,39,13,8,13,,,,"Real Sociedad","1ª",1973,34
46,9,37,33,12,10,12,,,,"Valencia","1ª",1973,34
45,10,41,38,12,9,13,,,,"Ath. Bilbao","1ª",1973,34
44,11,36,36,10,14,10,,,,"Zaragoza","1ª",1973,34
44,12,33,29,11,11,12,,,,"Málaga (C.D.)","1ª",1973,34
42,13,38,44,11,9,14,,,,"Las Palmas","1ª",1973,34
40,14,32,37,11,7,16,,,,"Sporting Gijón","1ª",1973,34
39,15,33,44,9,12,13,,,,"Oviedo","1ª",1973,34
38,16,25,32,9,11,14,,,,"Granada","1ª",1973,34
36,17,36,63,9,9,19,,1,,"Burgos","1ª",1973,34
34,18,22,44,7,13,14,,1,,"Dptivo. Coruña","1ª",1973,34
84,1,61,26,24,12,8,1,,,"Murcia","2ª",1973,38
70,2,48,28,20,10,8,1,,,"Elche","2ª",1973,38
68,3,41,37,20,8,12,1,,,"Rac. Santander","2ª",1973,38
60,4,45,29,16,12,10,,,,"Sevilla","2ª",1973,38
57,5,36,38,16,9,16,,,,"Tenerife","2ª",1973,38
57,6,42,32,15,12,11,,,,"Valladolid","2ª",1973,38
55,7,42,39,16,7,15,,,,"Hércules","2ª",1973,38
54,8,49,51,14,12,12,,,,"Sant Andreu","2ª",1973,38
54,9,37,33,15,9,14,,,,"Mallorca","2ª",1973,38
53,10,51,45,14,11,13,,,,"Cádiz","2ª",1973,38
53,11,43,48,14,11,13,,,,"Barakaldo","2ª",1973,38
52,12,58,50,15,7,16,,,,"Rayo Vallecano","2ª",1973,38
48,13,45,50,12,12,14,,,,"Sabadell","2ª",1973,38
48,14,45,46,13,9,16,,,,"Córdoba","2ª",1973,38
47,15,32,49,13,8,17,,,,"Osasuna","2ª",1973,38
45,16,35,48,12,9,17,,,,"Gimn. Tarragona","2ª",1973,38
40,17,37,50,10,10,18,,,,"Pontevedra","2ª",1973,38
40,18,37,53,10,10,18,,,,"Cult. Leonesa","2ª",1973,38
38,19,40,48,8,14,16,,,,"Logroñés","2ª",1973,38
77,1,49,29,23,8,6,,,1,"At. Madrid","1ª",1974,34
73,2,41,21,21,10,6,,,1,"Barcelona","1ª",1974,34
63,3,30,37,18,9,15,,,1,"Celta","1ª",1974,34
60,4,45,29,17,9,8,,,1,"Real Madrid","1ª",1974,34
59,5,48,27,16,11,7,,,1,"Espanyol","1ª",1974,34
59,6,36,36,15,14,10,,,,"Zaragoza","1ª",1974,34
54,7,38,44,15,9,14,,,,"Las Palmas","1ª",1974,34
54,8,61,26,14,12,8,,,,"Murcia","1ª",1974,34
52,9,48,28,14,10,8,,,,"Elche","1ª",1974,34
51,10,41,38,14,9,13,,,,"Ath. Bilbao","1ª",1974,34
50,11,33,29,13,11,12,,,,"Málaga (C.D.)","1ª",1974,34
50,12,37,39,14,8,13,,,,"Real Sociedad","1ª",1974,34
46,13,37,33,12,10,12,,,,"Valencia","1ª",1974,34
46,14,32,37,13,7,16,,,,"Sporting Gijón","1ª",1974,34
44,15,25,32,11,11,14,,,,"Granada","1ª",1974,34
44,16,41,37,12,8,12,,,,"Rac. Santander","1ª",1974,34
39,17,44,38,10,9,12,,1,,"Castellón","1ª",1974,34
39,18,33,44,9,12,13,,1,,"Oviedo","1ª",1974,34
72,1,42,32,20,12,11,1,,,"Valladolid","2ª",1974,38
71,2,29,36,19,14,13,1,,,"Betis","2ª",1974,38
68,3,51,45,19,11,13,1,,,"Cádiz","2ª",1974,38
68,4,53,39,20,8,10,,,,"Salamanca","2ª",1974,38
66,5,49,51,18,12,12,,,,"Sant Andreu","2ª",1974,38
66,6,36,38,19,9,16,,,,"Tenerife","2ª",1974,38
62,7,43,48,17,11,13,,,,"Barakaldo","2ª",1974,38
61,8,42,39,18,7,15,,,,"Hércules","2ª",1974,38
60,9,45,29,16,12,10,,,,"Sevilla","2ª",1974,38
54,10,45,46,15,9,16,,,,"Córdoba","2ª",1974,38
54,11,35,48,15,9,17,,,,"Gimn. Tarragona","2ª",1974,38
54,12,37,33,15,9,14,,,,"Mallorca","2ª",1974,38
52,13,58,50,15,7,16,,,,"Rayo Vallecano","2ª",1974,38
51,14,43,45,13,12,13,,,,"Ourense","2ª",1974,38
51,15,36,63,14,9,19,,,,"Burgos","2ª",1974,38
46,16,22,44,11,13,14,,,,"Dptivo. Coruña","2ª",1974,38
42,17,45,50,10,12,14,,,,"Sabadell","2ª",1974,38
38,18,32,49,10,8,17,,,,"Osasuna","2ª",1974,38
37,19,37,48,10,7,21,,,,"Levante","2ª",1974,38
33,20,29,59,8,9,21,,,,"Linares","2ª",1974,38
72,1,45,29,21,9,8,,,1,"Real Madrid","1ª",1975,34
68,2,49,29,20,8,6,,,1,"At. Madrid","1ª",1975,34
68,3,29,36,18,14,13,,,1,"Betis","1ª",1975,34
64,4,41,21,18,10,6,,,1,"Barcelona","1ª",1975,34
62,5,48,27,17,11,7,,,1,"Espanyol","1ª",1975,34
61,6,48,28,17,10,8,,,,"Elche","1ª",1975,34
57,7,30,37,16,9,15,,,,"Celta","1ª",1975,34
56,8,36,36,14,14,10,,,,"Zaragoza","1ª",1975,34
53,9,33,29,14,11,12,,,,"Málaga (C.D.)","1ª",1975,34
51,10,38,44,14,9,14,,,,"Las Palmas","1ª",1975,34
49,11,37,33,13,10,12,,,,"Valencia","1ª",1975,34
48,12,61,26,12,12,8,,,,"Murcia","1ª",1975,34
48,13,41,38,13,9,13,,,,"Ath. Bilbao","1ª",1975,34
47,14,53,39,13,8,10,,,,"Salamanca","1ª",1975,34
44,15,37,39,12,8,13,,,,"Real Sociedad","1ª",1975,34
41,16,25,32,10,11,14,,,,"Granada","1ª",1975,34
40,17,32,37,11,7,16,,1,,"Sporting Gijón","1ª",1975,34
37,18,42,39,10,7,15,,1,,"Hércules","1ª",1975,34
72,1,45,29,20,12,10,1,,,"Sevilla","2ª",1975,38
71,2,41,37,21,8,12,1,,,"Rac. Santander","2ª",1975,38
71,3,51,45,20,11,13,1,,,"Cádiz","2ª",1975,38
63,4,33,44,17,12,13,,,,"Oviedo","2ª",1975,38
60,5,45,46,17,9,16,,,,"Córdoba","2ª",1975,38
60,6,42,32,16,12,11,,,,"Valladolid","2ª",1975,38
60,7,36,38,17,9,16,,,,"Tenerife","2ª",1975,38
60,8,37,33,17,9,14,,,,"Mallorca","2ª",1975,38
55,9,58,50,16,7,16,,,,"Rayo Vallecano","2ª",1975,38
54,10,44,38,15,9,12,,,,"Castellón","2ª",1975,38
54,11,49,51,14,12,12,,,,"Sant Andreu","2ª",1975,38
51,12,46,52,13,12,13,,,,"Barcelona B","2ª",1975,38
50,13,43,48,13,11,13,,,,"Barakaldo","2ª",1975,38
47,14,39,43,12,11,15,,,,"Rec. Huelva","2ª",1975,38
46,15,35,45,13,7,18,,,,"Alavés","2ª",1975,38
45,16,36,63,12,9,19,,,,"Burgos","2ª",1975,38
42,17,43,45,10,12,13,,,,"Ourense","2ª",1975,38
39,18,45,50,9,12,14,,,,"Sabadell","2ª",1975,38
39,19,35,48,10,9,17,,,,"Gimn. Tarragona","2ª",1975,38
37,20,37,53,9,10,18,,,,"Cult. Leonesa","2ª",1975,38
77,1,49,29,23,8,6,,,1,"At. Madrid","1ª",1976,34
73,2,41,21,21,10,6,,,1,"Barcelona","1ª",1976,34
72,3,45,29,21,9,8,,,1,"Real Madrid","1ª",1976,34
68,4,48,27,19,11,7,,,1,"Espanyol","1ª",1976,34
68,5,29,36,18,14,13,,,1,"Betis","1ª",1976,34
62,6,41,37,18,8,12,,,,"Rac. Santander","1ª",1976,34
57,7,45,29,15,12,10,,,,"Sevilla","1ª",1976,34
54,8,41,38,15,9,13,,,,"Ath. Bilbao","1ª",1976,34
50,9,36,36,12,14,10,,,,"Zaragoza","1ª",1976,34
49,10,48,28,13,10,8,,,,"Elche","1ª",1976,34
48,11,33,44,12,12,13,,,,"Oviedo","1ª",1976,34
47,12,53,39,13,8,10,,,,"Salamanca","1ª",1976,34
46,13,37,33,12,10,12,,,,"Valencia","1ª",1976,34
46,14,42,39,13,7,15,,,,"Hércules","1ª",1976,34
44,15,37,39,12,8,13,,,,"Real Sociedad","1ª",1976,34
42,16,38,44,11,9,14,,,,"Las Palmas","1ª",1976,34
35,17,25,32,8,11,14,,1,,"Granada","1ª",1976,34
31,18,32,37,8,7,16,,1,,"Sporting Gijón","1ª",1976,34
66,1,30,37,19,9,15,1,,,"Celta","2ª",1976,38
63,2,49,51,17,12,12,1,,,"Sant Andreu","2ª",1976,38
63,3,42,32,17,12,11,1,,,"Valladolid","2ª",1976,38
63,4,61,26,17,12,8,,,,"Murcia","2ª",1976,38
62,5,33,29,17,11,12,,,,"Málaga (C.D.)","2ª",1976,38
61,6,22,44,16,13,14,,,,"Dptivo. Coruña","2ª",1976,38
59,7,51,45,16,11,13,,,,"Cádiz","2ª",1976,38
58,8,58,50,17,7,16,,,,"Rayo Vallecano","2ª",1976,38
56,9,32,49,16,8,17,,,,"Osasuna","2ª",1976,38
54,10,36,63,15,9,19,,,,"Burgos","2ª",1976,38
54,11,45,46,15,9,16,,,,"Córdoba","2ª",1976,38
44,15,40,48,10,14,16,,,,"Logroñés","1ª",1991,38
44,16,29,36,10,14,13,,,,"Betis","1ª",1991,38
42,17,37,33,11,9,14,,,,"Mallorca","1ª",1991,38
41,18,36,36,9,14,10,,,,"Zaragoza","1ª",1991,38
39,19,44,38,10,9,12,,1,,"Castellón","1ª",1991,38
38,20,37,39,10,8,13,,1,,"Real Sociedad","1ª",1991,38
72,1,61,26,20,12,8,1,,,"Murcia","2ª",1991,38
67,2,22,44,18,13,14,1,,,"Dptivo. Coruña","2ª",1991,38
64,3,61,39,18,10,13,1,,,"Ath. Bilbao B","2ª",1991,38
63,4,53,37,17,12,11,,,,"Lleida","2ª",1991,38
60,5,59,53,16,12,17,,,,"Figueres","2ª",1991,38
55,6,46,39,12,19,7,,,,"Orihuela","2ª",1991,38
50,7,29,39,12,14,11,,,,"Palamós","2ª",1991,38
50,8,33,29,13,11,12,,,,"Málaga (C.D.)","2ª",1991,38
48,9,30,37,13,9,15,,,,"Celta","2ª",1991,38
48,10,35,37,10,18,10,,,,"Avilés","2ª",1991,38
46,11,48,28,12,10,8,,,,"Elche","2ª",1991,38
45,12,36,42,9,18,12,,,,"Éibar","2ª",1991,38
44,13,53,39,12,8,10,,,,"Salamanca","2ª",1991,38
43,14,35,62,12,7,19,,,,"Albacete","2ª",1991,38
42,15,38,44,11,9,14,,,,"Las Palmas","2ª",1991,38
39,16,45,50,9,12,14,,,,"Sabadell","2ª",1991,38
34,17,49,45,9,7,15,,,,"Sestao","2ª",1991,38
34,18,58,50,9,7,16,,,,"Rayo Vallecano","2ª",1991,38
25,19,36,56,6,7,22,,,,"Xerez","2ª",1991,38
22,20,37,48,5,7,21,,,,"Levante","2ª",1991,38
26,21,51,45,5,11,13,1,,,"Cádiz","Promoción 1ª/2ª",1991,0
20,22,36,36,2,14,10,1,,,"Zaragoza","Promoción 1ª/2ª",1991,0
20,23,33,29,3,11,12,1,,,"Málaga (C.D.)","Promoción 1ª/2ª",1991,0
83,1,49,29,25,8,6,,,1,"At. Madrid","1ª",1992,38
75,2,45,29,22,9,8,,,1,"Real Madrid","1ª",1992,38
73,3,41,21,21,10,6,,,1,"Barcelona","1ª",1992,38
55,4,37,33,15,10,12,,,1,"Valencia","1ª",1992,38
54,5,45,29,14,12,10,,,1,"Sevilla","1ª",1992,38
54,6,34,50,14,12,15,,,,"Burgos (Real)","1ª",1992,38
54,7,33,44,14,12,13,,,,"Oviedo","1ª",1992,38
53,8,36,36,13,14,10,,,,"Zaragoza","1ª",1992,38
51,9,36,38,14,9,16,,,,"Tenerife","1ª",1992,38
50,10,48,27,13,11,7,,,,"Espanyol","1ª",1992,38
47,11,37,39,13,8,13,,,,"Real Sociedad","1ª",1992,38
46,12,35,62,13,7,19,,,,"Albacete","1ª",1992,38
45,13,42,32,11,12,11,,,,"Valladolid","1ª",1992,38
45,14,37,33,12,9,14,,,,"Mallorca","1ª",1992,38
44,15,40,48,10,14,16,,,,"Logroñés","1ª",1992,38
42,16,41,38,11,9,13,,,,"Ath. Bilbao","1ª",1992,38
41,17,32,49,11,8,17,,,,"Osasuna","1ª",1992,38
41,18,51,45,10,11,13,,,,"Cádiz","1ª",1992,38
40,19,32,37,11,7,16,,1,,"Sporting Gijón","1ª",1992,38
31,20,22,44,6,13,14,,1,,"Dptivo. Coruña","1ª",1992,38
80,1,29,36,22,14,13,1,,,"Betis","2ª",1992,38
72,2,30,37,21,9,15,1,,,"Celta","2ª",1992,38
63,3,53,37,17,12,11,1,,,"Lleida","2ª",1992,38
61,4,61,39,17,10,13,,,,"Ath. Bilbao B","2ª",1992,38
60,5,61,26,16,12,8,,,,"Murcia","2ª",1992,38
60,6,46,52,16,12,13,,,,"Barcelona B","2ª",1992,38
57,7,58,48,16,9,13,,,,"Mérida","2ª",1992,38
56,8,36,32,15,11,12,,,,"Compostela","2ª",1992,38
55,9,58,50,16,7,16,,,,"Rayo Vallecano","2ª",1992,38
54,10,59,53,14,12,17,,,,"Figueres","2ª",1992,38
53,11,41,37,15,8,12,,,,"Rac. Santander","2ª",1992,38
53,12,29,39,13,14,11,,,,"Palamós","2ª",1992,38
51,13,35,37,11,18,10,,,,"Avilés","2ª",1992,38
48,14,36,42,10,18,12,,,,"Éibar","2ª",1992,38
45,15,44,38,12,9,12,,,,"Castellón","2ª",1992,38
45,16,55,45,13,6,14,,,,"Real Madrid B","2ª",1992,38
45,17,45,50,11,12,14,,,,"Sabadell","2ª",1992,38
37,18,49,45,10,7,15,,,,"Sestao","2ª",1992,38
35,19,33,29,8,11,12,,,,"Málaga (C.D.)","2ª",1992,38
30,20,38,44,7,9,14,,,,"Las Palmas","2ª",1992,38
26,21,51,45,5,11,13,1,,,"Cádiz","Promoción 1ª/2ª",1992,0
19,22,22,44,2,13,14,1,,,"Dptivo. Coruña","Promoción 1ª/2ª",1992,0
76,1,41,21,22,10,6,,,1,"Barcelona","1ª",1993,38
75,2,45,29,22,9,8,,,1,"Real Madrid","1ª",1993,38
65,3,49,29,19,8,6,,,1,"At. Madrid","1ª",1993,38
61,4,37,33,17,10,12,,,1,"Valencia","1ª",1993,38
58,5,22,44,15,13,14,,,1,"Dptivo. Coruña","1ª",1993,38
54,6,45,29,14,12,10,,,,"Sevilla","1ª",1993,38
45,7,41,38,12,9,13,,,,"Ath. Bilbao","1ª",1993,38
45,8,36,38,12,9,16,,,,"Tenerife","1ª",1993,38
44,9,37,39,12,8,13,,,,"Real Sociedad","1ª",1993,38
44,10,48,27,11,11,7,,,,"Espanyol","1ª",1993,38
43,11,35,62,12,7,19,,,,"Albacete","1ª",1993,38
42,12,30,37,11,9,15,,,,"Celta","1ª",1993,38
41,13,36,36,9,14,10,,,,"Zaragoza","1ª",1993,38
41,14,32,49,11,8,17,,,,"Osasuna","1ª",1993,38
39,15,33,44,9,12,13,,,,"Oviedo","1ª",1993,38
38,16,40,48,8,14,16,,,,"Logroñés","1ª",1993,38
34,17,58,50,9,7,16,,,,"Rayo Vallecano","1ª",1993,38
33,18,34,50,7,12,15,,,,"Burgos (Real)","1ª",1993,38
32,19,51,45,7,11,13,,1,,"Cádiz","1ª",1993,38
28,20,32,37,7,7,16,,1,,"Sporting Gijón","1ª",1993,38
71,1,41,37,21,8,12,1,,,"Rac. Santander","2ª",1993,38
69,2,53,37,19,12,11,1,,,"Lleida","2ª",1993,38
69,3,42,32,19,12,11,1,,,"Valladolid","2ª",1993,38
66,4,37,33,19,9,14,,,,"Mallorca","2ª",1993,38
59,5,29,36,15,14,13,,,,"Betis","2ª",1993,38
59,6,45,41,17,8,13,,,,"Marbella","2ª",1993,38
59,7,29,39,15,14,11,,,,"Palamós","2ª",1993,38
54,8,58,48,15,9,13,,,,"Mérida","2ª",1993,38
51,9,59,53,13,12,17,,,,"Figueres","2ª",1993,38
50,10,37,36,14,8,16,,,,"Badajoz","2ª",1993,38
49,11,61,39,13,10,13,,,,"Ath. Bilbao B","2ª",1993,38
47,12,36,32,12,11,12,,,,"Compostela","2ª",1993,38
47,13,38,51,13,8,17,,,,"Villarreal","2ª",1993,38
45,14,36,42,9,18,12,,,,"Éibar","2ª",1993,38
45,15,44,38,12,9,12,,,,"Castellón","2ª",1993,38
45,16,46,52,11,12,13,,,,"Barcelona B","2ª",1993,38
39,17,55,45,11,6,14,,,,"Real Madrid B","2ª",1993,38
36,18,45,50,8,12,14,,,,"Sabadell","2ª",1993,38
32,19,23,41,7,11,20,,,,"Lugo","2ª",1993,38
28,20,49,45,7,7,15,,,,"Sestao","2ª",1993,38
76,1,41,21,22,10,6,,,1,"Barcelona","1ª",1994,38
68,2,49,29,20,8,6,,,1,"At. Madrid","1ª",1994,38
60,3,45,29,17,9,8,,,1,"Real Madrid","1ª",1994,38
59,4,36,36,15,14,10,,,1,"Zaragoza","1ª",1994,38
56,5,41,37,16,8,12,,,1,"Rac. Santander","1ª",1994,38
55,6,22,44,14,13,14,,,,"Dptivo. Coruña","1ª",1994,38
54,7,36,38,15,9,16,,,,"Tenerife","1ª",1994,38
54,8,30,37,15,9,15,,,,"Celta","1ª",1994,38
51,9,45,29,13,12,10,,,,"Sevilla","1ª",1994,38
49,10,37,33,13,10,12,,,,"Valencia","1ª",1994,38
45,11,41,38,12,9,13,,,,"Ath. Bilbao","1ª",1994,38
45,12,33,44,11,12,13,,,,"Oviedo","1ª",1994,38
39,13,42,32,9,12,11,,,,"Valladolid","1ª",1994,38
38,14,37,39,10,8,13,,,,"Real Sociedad","1ª",1994,38
37,15,58,50,10,7,16,,,,"Rayo Vallecano","1ª",1994,38
37,16,35,62,10,7,19,,,,"Albacete","1ª",1994,38
37,17,32,37,10,7,16,,,,"Sporting Gijón","1ª",1994,38
36,18,53,37,8,12,11,,,,"Lleida","1ª",1994,38
35,19,40,48,7,14,16,,1,,"Logroñés","1ª",1994,38
32,20,32,49,8,8,17,,1,,"Osasuna","1ª",1994,38
83,1,29,36,23,14,13,1,,,"Betis","2ª",1994,38
68,2,36,32,19,11,12,1,,,"Compostela","2ª",1994,38
65,3,50,32,18,11,9,1,,,"Toledo","2ª",1994,38
60,4,37,33,17,9,14,,,,"Mallorca","2ª",1994,38
60,5,55,45,18,6,14,,,,"Real Madrid B","2ª",1994,38
57,6,58,48,16,9,13,,,,"Mérida","2ª",1994,38
56,7,37,36,16,8,16,,,,"Badajoz","2ª",1994,38
56,8,48,27,15,11,7,,,,"Espanyol","2ª",1994,38
54,9,34,50,14,12,15,,,,"Burgos (Real)","2ª",1994,38
54,10,61,26,14,12,8,,,,"Murcia","2ª",1994,38
52,11,61,39,14,10,13,,,,"Ath. Bilbao B","2ª",1994,38
46,12,35,45,13,7,18,,,,"Alavés","2ª",2004,42
45,13,36,38,12,9,16,,,,"Tenerife","2ª",2004,42
42,14,36,42,8,18,12,,,,"Éibar","2ª",2004,42
41,15,53,39,11,8,10,,,,"Salamanca","2ª",2004,42
40,16,58,50,11,7,16,,,,"Rayo Vallecano","2ª",2004,42
39,17,53,59,9,12,15,,,,"Leganés","2ª",2004,42
34,18,36,56,9,7,22,,,,"Xerez","2ª",2004,42
34,19,35,45,8,10,16,,,,"Terrassa","2ª",2004,42
33,20,45,46,8,9,16,,,,"Córdoba","2ª",2004,42
30,21,38,44,7,9,14,,,,"Las Palmas","2ª",2004,42
26,22,40,53,6,8,17,,,,"Algeciras","2ª",2004,42
72,1,45,29,21,9,8,,,1,"Real Madrid","1ª",2005,38
70,2,41,21,20,10,6,,,1,"Barcelona","1ª",2005,38
68,3,49,29,20,8,6,,,1,"At. Madrid","1ª",2005,38
68,4,29,36,18,14,13,,,1,"Betis","1ª",2005,38
64,5,72,47,17,13,7,,,1,"Málaga","1ª",2005,38
62,6,38,51,18,8,17,,,,"Villarreal","1ª",2005,38
59,7,48,27,16,11,7,,,,"Espanyol","1ª",2005,38
52,8,37,33,14,10,12,,,,"Valencia","1ª",2005,38
51,9,45,29,13,12,10,,,,"Sevilla","1ª",2005,38
50,10,36,36,12,14,10,,,,"Zaragoza","1ª",2005,38
50,11,37,48,13,11,15,,,,"Getafe","1ª",2005,38
47,12,41,37,13,8,12,,,,"Rac. Santander","1ª",2005,38
45,13,41,38,12,9,13,,,,"Ath. Bilbao","1ª",2005,38
42,14,37,33,11,9,14,,,,"Mallorca","1ª",2005,38
41,15,32,49,11,8,17,,,,"Osasuna","1ª",2005,38
41,16,33,50,8,17,15,,,,"Numancia","1ª",2005,38
41,17,37,39,11,8,13,,,,"Real Sociedad","1ª",2005,38
34,18,22,44,7,13,14,,,,"Dptivo. Coruña","1ª",2005,38
28,19,37,48,7,7,21,,1,,"Levante","1ª",2005,38
25,20,35,62,6,7,19,,1,,"Albacete","1ª",2005,38
59,1,51,45,16,11,13,1,,,"Cádiz","2ª",2005,42
58,2,48,28,16,10,8,1,,,"Elche","2ª",2005,42
57,3,30,37,16,9,15,1,,,"Celta","2ª",2005,42
57,4,36,42,13,18,12,,,,"Éibar","2ª",2005,42
54,5,42,32,14,12,11,,,,"Valladolid","2ª",2005,42
52,6,46,56,12,16,15,,,,"Málaga B","2ª",2005,42
52,7,35,45,14,10,16,,,,"Terrassa","2ª",2005,42
51,8,53,37,13,12,11,,,,"Lleida","2ª",2005,42
51,9,61,26,13,12,8,,,,"Murcia","2ª",2005,42
50,10,39,43,13,11,15,,,,"Rec. Huelva","2ª",2005,42
50,11,41,48,12,14,16,,,,"Ejido","2ª",2005,42
48,12,36,38,13,9,16,,,,"Tenerife","2ª",2005,42
46,13,51,63,10,16,15,,,,"Granada 74","2ª",2005,42
46,14,22,80,13,7,27,,,,"Ferrol","2ª",2005,42
43,15,35,45,12,7,18,,,,"Alavés","2ª",2005,42
42,16,35,48,11,9,17,,,,"Gimn. Tarragona","2ª",2005,42
41,17,42,47,9,14,14,,,,"Almería","2ª",2005,42
41,18,53,39,11,8,10,,,,"Salamanca","2ª",2005,42
40,19,32,37,11,7,16,,,,"Sporting Gijón","2ª",2005,42
34,20,37,50,8,10,18,,,,"Pontevedra","2ª",2005,42
30,21,45,46,7,9,16,,,,"Córdoba","2ª",2005,42
28,22,36,56,7,7,22,,,,"Xerez","2ª",2005,42
73,1,41,21,21,10,6,,,1,"Barcelona","1ª",2006,38
66,2,30,37,19,9,15,,,1,"Celta","1ª",2006,38
60,3,45,29,17,9,8,,,1,"Real Madrid","1ª",2006,38
57,4,45,29,15,12,10,,,1,"Sevilla","1ª",2006,38
56,5,29,36,14,14,13,,,1,"Betis","1ª",2006,38
56,6,49,29,16,8,6,,,,"At. Madrid","1ª",2006,38
50,7,32,49,14,8,17,,,,"Osasuna","1ª",2006,38
49,8,37,33,13,10,12,,,,"Valencia","1ª",2006,38
49,9,72,47,12,13,7,,,,"Málaga","1ª",2006,38
47,10,38,51,13,8,17,,,,"Villarreal","1ª",2006,38
44,11,48,27,11,11,7,,,,"Espanyol","1ª",2006,38
42,12,37,33,11,9,14,,,,"Mallorca","1ª",2006,38
41,13,37,48,10,11,15,,,,"Getafe","1ª",2006,38
38,14,37,39,10,8,13,,,,"Real Sociedad","1ª",2006,38
35,15,36,36,7,14,10,,,,"Zaragoza","1ª",2006,38
35,16,41,37,9,8,12,,,,"Rac. Santander","1ª",2006,38
35,17,51,45,8,11,13,,,,"Cádiz","1ª",2006,38
34,18,22,44,7,13,14,,,,"Dptivo. Coruña","1ª",2006,38
33,19,41,38,8,9,13,,1,,"Ath. Bilbao","1ª",2006,38
28,20,35,45,7,7,18,,1,,"Alavés","1ª",2006,38
71,1,42,47,19,14,14,1,,,"Almería","2ª",2006,42
70,2,51,63,18,16,15,1,,,"Granada 74","2ª",2006,42
65,3,33,50,16,17,15,1,,,"Numancia","2ª",2006,42
63,4,61,26,17,12,8,,,,"Murcia","2ª",2006,42
59,5,39,43,16,11,15,,,,"Rec. Huelva","2ª",2006,42
53,6,41,48,13,14,16,,,,"Ejido","2ª",2006,42
52,7,46,56,12,16,15,,,,"Málaga B","2ª",2006,42
52,8,48,28,14,10,8,,,,"Elche","2ª",2006,42
49,9,37,48,14,7,21,,,,"Levante","2ª",2006,42
48,10,42,32,12,12,11,,,,"Valladolid","2ª",2006,42
48,11,53,37,12,12,11,,,,"Lleida","2ª",2006,42
48,12,35,48,13,9,17,,,,"Gimn. Tarragona","2ª",2006,42
48,13,55,45,14,6,14,,,,"Real Madrid B","2ª",2006,42
46,14,35,62,13,7,19,,,,"Albacete","2ª",2006,42
46,15,42,39,13,7,15,,,,"Hércules","2ª",2006,42
45,16,36,38,12,9,16,,,,"Tenerife","2ª",2006,42
45,17,23,59,12,9,19,,,,"Lorca","2ª",2006,42
45,18,44,38,12,9,12,,,,"Castellón","2ª",2006,42
40,19,36,56,11,7,22,,,,"Xerez","2ª",2006,42
34,20,32,37,9,7,16,,,,"Sporting Gijón","2ª",2006,42
34,21,22,80,9,7,27,,,,"Ferrol","2ª",2006,42
33,22,36,42,5,18,12,,,,"Éibar","2ª",2006,42
70,1,41,21,20,10,6,,,1,"Barcelona","1ª",2007,38
66,2,45,29,18,12,10,,,1,"Sevilla","1ª",2007,38
63,3,45,29,18,9,8,,,1,"Real Madrid","1ª",2007,38
61,4,37,33,17,10,12,,,1,"Valencia","1ª",2007,38
59,5,49,29,17,8,6,,,1,"At. Madrid","1ª",2007,38
53,6,36,36,13,14,10,,,,"Zaragoza","1ª",2007,38
50,7,38,51,14,8,17,,,,"Villarreal","1ª",2007,38
50,8,41,37,14,8,12,,,,"Rac. Santander","1ª",2007,38
48,9,37,33,13,9,14,,,,"Mallorca","1ª",2007,38
47,10,39,43,12,11,15,,,,"Rec. Huelva","1ª",2007,38
44,11,29,36,10,14,13,,,,"Betis","1ª",2007,38
44,12,37,48,11,11,15,,,,"Getafe","1ª",2007,38
44,13,48,27,11,11,7,,,,"Espanyol","1ª",2007,38
43,14,22,44,10,13,14,,,,"Dptivo. Coruña","1ª",2007,38
39,15,30,37,10,9,15,,,,"Celta","1ª",2007,38
32,16,32,49,8,8,17,,,,"Osasuna","1ª",2007,38
32,17,37,39,8,8,13,,,,"Real Sociedad","1ª",2007,38
30,18,41,38,7,9,13,,,,"Ath. Bilbao","1ª",2007,38
28,19,37,48,7,7,21,,1,,"Levante","1ª",2007,38
24,20,35,48,5,9,17,,1,,"Gimn. Tarragona","1ª",2007,38
74,1,42,47,20,14,14,1,,,"Almería","2ª",2007,42
73,2,51,63,19,16,15,1,,,"Granada 74","2ª",2007,42
72,3,61,26,20,12,8,1,,,"Murcia","2ª",2007,42
69,4,42,32,19,12,11,,,,"Valladolid","2ª",2007,42
67,5,72,47,18,13,7,,,,"Málaga","2ª",2007,42
62,6,33,50,15,17,15,,,,"Numancia","2ª",2007,42
56,7,41,48,14,14,16,,,,"Ejido","2ª",2007,42
55,8,48,28,15,10,8,,,,"Elche","2ª",2007,42
51,9,36,38,14,9,16,,,,"Tenerife","2ª",2007,42
47,10,53,39,13,8,10,,,,"Salamanca","2ª",2007,42
46,11,36,56,13,7,22,,,,"Xerez","2ª",2007,42
46,12,45,61,11,13,18,,,,"Ponferradina","2ª",2007,42
45,13,38,44,12,9,14,,,,"Las Palmas","2ª",2007,42
45,14,55,45,13,6,14,,,,"Real Madrid B","2ª",2007,42
45,15,44,38,12,9,12,,,,"Castellón","2ª",2007,42
41,16,51,45,10,11,13,,,,"Cádiz","2ª",2007,42
40,17,42,39,11,7,15,,,,"Hércules","2ª",2007,42
37,18,35,62,10,7,19,,,,"Albacete","2ª",2007,42
37,19,32,37,10,7,16,,,,"Sporting Gijón","2ª",2007,42
34,20,42,81,9,7,26,,,,"Vecindario","2ª",2007,42
34,21,35,45,9,7,18,,,,"Alavés","2ª",2007,42
33,22,23,59,8,9,19,,,,"Lorca","2ª",2007,42
78,1,45,29,23,9,8,,,1,"Real Madrid","1ª",2008,38
71,2,49,29,21,8,6,,,1,"At. Madrid","1ª",2008,38
70,3,41,21,20,10,6,,,1,"Barcelona","1ª",2008,38
60,4,45,29,16,12,10,,,1,"Sevilla","1ª",2008,38
56,5,41,37,16,8,12,,,1,"Rac. Santander","1ª",2008,38
56,6,38,51,16,8,17,,,,"Villarreal","1ª",2008,38
53,7,29,36,13,14,13,,,,"Betis","1ª",2008,38
51,8,37,33,14,9,14,,,,"Mallorca","1ª",2008,38
50,9,42,47,12,14,14,,,,"Almería","1ª",2008,38
48,10,61,26,12,12,8,,,,"Murcia","1ª",2008,38
47,11,48,27,12,11,7,,,,"Espanyol","1ª",2008,38
45,12,42,32,11,12,11,,,,"Valladolid","1ª",2008,38
44,13,36,36,10,14,10,,,,"Zaragoza","1ª",2008,38
43,14,22,44,10,13,14,,,,"Dptivo. Coruña","1ª",2008,38
40,15,37,33,10,10,12,,,,"Valencia","1ª",2008,38
38,16,39,43,9,11,15,,,,"Rec. Huelva","1ª",2008,38
38,17,32,49,10,8,17,,,,"Osasuna","1ª",2008,38
38,18,37,48,9,11,15,,,,"Getafe","1ª",2008,38
33,19,41,38,8,9,13,,1,,"Ath. Bilbao","1ª",2008,38
25,20,37,48,6,7,21,,1,,"Levante","1ª",2008,38
76,1,72,47,21,13,7,1,,,"Málaga","2ª",2008,42
62,2,33,50,15,17,15,1,,,"Numancia","2ª",2008,42
57,3,36,42,13,18,12,1,,,"Éibar","2ª",2008,42
56,4,43,48,14,14,14,,,,"Sevilla B","2ª",2008,42
55,5,48,28,15,10,8,,,,"Elche","2ª",2008,42
53,6,41,48,13,14,16,,,,"Ejido","2ª",2008,42
52,7,51,63,12,16,15,,,,"Granada 74","2ª",2008,42
51,8,36,38,14,9,16,,,,"Tenerife","2ª",2008,42
51,9,44,38,14,9,12,,,,"Castellón","2ª",2008,42
48,10,30,37,13,9,15,,,,"Celta","2ª",2008,42
47,11,51,45,12,11,13,,,,"Cádiz","2ª",2008,42
47,12,53,39,13,8,10,,,,"Salamanca","2ª",2008,42
44,13,37,39,12,8,13,,,,"Real Sociedad","2ª",2008,42
43,14,32,37,12,7,16,,,,"Sporting Gijón","2ª",2008,42
43,15,22,80,12,7,27,,,,"Ferrol","2ª",2008,42
42,16,38,44,11,9,14,,,,"Las Palmas","2ª",2008,42
40,17,35,62,11,7,19,,,,"Albacete","2ª",2008,42
40,18,36,56,11,7,22,,,,"Xerez","2ª",2008,42
39,19,35,48,10,9,17,,,,"Gimn. Tarragona","2ª",2008,42
37,20,42,39,10,7,15,,,,"Hércules","2ª",2008,42
34,21,35,45,9,7,18,,,,"Alavés","2ª",2008,42
30,22,45,46,7,9,16,,,,"Córdoba","2ª",2008,42
74,1,49,29,22,8,6,,,1,"At. Madrid","1ª",2009,38
70,2,41,21,20,10,6,,,1,"Barcelona","1ª",2009,38
69,3,45,29,20,9,8,,,1,"Real Madrid","1ª",2009,38
64,4,72,47,17,13,7,,,1,"Málaga","1ª",2009,38
56,5,33,50,13,17,15,,,1,"Numancia","1ª",2009,38
56,6,38,51,16,8,17,,,,"Villarreal","1ª",2009,38
56,7,42,47,14,14,14,,,,"Almería","1ª",2009,38
55,8,37,33,15,10,12,,,,"Valencia","1ª",2009,38
54,9,45,29,14,12,10,,,,"Sevilla","1ª",2009,38
51,10,42,32,13,12,11,,,,"Valladolid","1ª",2009,38
51,11,37,33,14,9,14,,,,"Mallorca","1ª",2009,38
47,12,48,27,12,11,7,,,,"Espanyol","1ª",2009,38
46,13,22,44,11,13,14,,,,"Dptivo. Coruña","1ª",2009,38
44,14,29,36,10,14,13,,,,"Betis","1ª",2009,38
39,15,41,38,10,9,13,,,,"Ath. Bilbao","1ª",2009,38
38,16,37,48,9,11,15,,,,"Getafe","1ª",2009,38
38,17,41,37,10,8,12,,,,"Rac. Santander","1ª",2009,38
38,18,32,49,10,8,17,,,,"Osasuna","1ª",2009,38
34,19,32,37,9,7,16,,1,,"Sporting Gijón","1ª",2009,38
32,20,39,43,7,11,15,,1,,"Rec. Huelva","1ª",2009,38
63,1,36,38,18,9,16,1,,,"Tenerife","2ª",2009,42
63,2,61,26,17,12,8,1,,,"Murcia","2ª",2009,42
62,3,36,36,16,14,10,1,,,"Zaragoza","2ª",2009,42
55,4,36,56,16,7,22,,,,"Xerez","2ª",2009,42
53,5,53,39,15,8,10,,,,"Salamanca","2ª",2009,42
53,6,47,46,13,14,15,,,,"Huesca","2ª",2009,42
52,7,42,39,15,7,15,,,,"Hércules","2ª",2009,42
49,8,43,54,11,16,15,,,,"Girona","2ª",2009,42
49,9,58,50,14,7,16,,,,"Rayo Vallecano","2ª",2009,42
49,10,48,28,13,10,8,,,,"Elche","2ª",2009,42
48,11,30,37,13,9,15,,,,"Celta","2ª",2009,42
46,12,37,48,13,7,21,,,,"Levante","2ª",2009,42
45,13,45,46,12,9,16,,,,"Córdoba","2ª",2009,42
42,14,36,42,8,18,12,,,,"Éibar","2ª",2009,42
42,15,44,38,11,9,12,,,,"Castellón","2ª",2009,42
42,16,35,48,11,9,17,,,,"Gimn. Tarragona","2ª",2009,42
40,17,35,62,11,7,19,,,,"Albacete","2ª",2009,42
38,18,37,39,10,8,13,,,,"Real Sociedad","2ª",2009,42
36,19,38,44,9,9,14,,,,"Las Palmas","2ª",2009,42
35,20,38,69,8,11,23,,,,"Alicante","2ª",2009,42
35,21,43,48,7,14,14,,,,"Sevilla B","2ª",2009,42
31,22,35,45,8,7,18,,,,"Alavés","2ª",2009,42
82,1,41,21,24,10,6,,,1,"Barcelona","1ª",2010,38
81,2,45,29,24,9,8,,,1,"Real Madrid","1ª",2010,38
69,3,37,33,20,9,14,,,1,"Mallorca","1ª",2010,38
68,4,49,29,20,8,6,,,1,"At. Madrid","1ª",2010,38
59,5,38,51,17,8,17,,,1,"Villarreal","1ª",2010,38
58,6,37,33,16,10,12,,,,"Valencia","1ª",2010,38
55,7,72,47,14,13,7,,,,"Málaga","1ª",2010,38
51,8,45,29,13,12,10,,,,"Sevilla","1ª",2010,38
50,9,48,27,13,11,7,,,,"Espanyol","1ª",2010,38
50,10,37,48,13,11,15,,,,"Getafe","1ª",2010,38
47,11,42,47,11,14,14,,,,"Almería","1ª",2010,38
45,12,41,38,12,9,13,,,,"Ath. Bilbao","1ª",2010,38
43,13,22,44,10,13,14,,,,"Dptivo. Coruña","1ª",2010,38
42,14,36,38,11,9,16,,,,"Tenerife","1ª",2010,38
39,15,42,32,9,12,11,,,,"Valladolid","1ª",2010,38
38,16,36,36,8,14,10,,,,"Zaragoza","1ª",2010,38
35,17,32,49,9,8,17,,,,"Osasuna","1ª",2010,38
35,18,41,37,9,8,12,,,,"Rac. Santander","1ª",2010,38
31,19,32,37,8,7,16,,1,,"Sporting Gijón","1ª",2010,38
28,20,36,56,7,7,22,,1,,"Xerez","1ª",2010,38
68,1,29,36,18,14,13,1,,,"Betis","2ª",2010,42
65,2,58,49,18,11,13,1,,,"Cartagena","2ª",2010,42
64,3,42,39,19,7,15,1,,,"Hércules","2ª",2010,42
61,4,60,56,16,13,13,,,,"Villarreal B","2ª",2010,42
59,5,37,39,17,8,13,,,,"Real Sociedad","2ª",2010,42
56,6,33,50,13,17,15,,,,"Numancia","2ª",2010,42
55,7,48,28,15,10,8,,,,"Elche","2ª",2010,42
51,8,30,37,14,9,15,,,,"Celta","2ª",2010,42
50,9,51,45,13,11,13,,,,"Cádiz","2ª",2010,42
49,10,37,48,14,7,21,,,,"Levante","2ª",2010,42
47,11,39,43,12,11,15,,,,"Rec. Huelva","2ª",2010,42
46,12,40,59,12,10,20,,,,"Real Unión","2ª",2010,42
46,13,43,54,10,16,15,,,,"Girona","2ª",2010,42
45,14,45,46,12,9,16,,,,"Córdoba","2ª",2010,42
45,15,61,26,11,12,8,,,,"Murcia","2ª",2010,42
44,16,47,46,10,14,15,,,,"Huesca","2ª",2010,42
43,17,58,50,12,7,16,,,,"Rayo Vallecano","2ª",2010,42
41,18,53,39,11,8,10,,,,"Salamanca","2ª",2010,42
36,19,38,44,9,9,14,,,,"Las Palmas","2ª",2010,42
34,20,35,62,9,7,19,,,,"Albacete","2ª",2010,42
33,21,44,38,8,9,12,,,,"Castellón","2ª",2010,42
30,22,35,48,7,9,17,,,,"Gimn. Tarragona","2ª",2010,42
76,1,41,21,22,10,6,,,1,"Barcelona","1ª",2011,38
75,2,45,29,22,9,8,,,1,"Real Madrid","1ª",2011,38
65,3,49,29,19,8,6,,,1,"At. Madrid","1ª",2011,38
61,4,72,47,16,13,7,,,1,"Málaga","1ª",2011,38
59,5,38,51,17,8,17,,,1,"Villarreal","1ª",2011,38
56,6,48,27,15,11,7,,,,"Espanyol","1ª",2011,38
51,7,37,33,14,9,14,,,,"Mallorca","1ª",2011,38
51,8,45,29,13,12,10,,,,"Sevilla","1ª",2011,38
49,9,37,33,13,10,12,,,,"Valencia","1ª",2011,38
48,10,41,38,13,9,13,,,,"Ath. Bilbao","1ª",2011,38
47,11,37,39,13,8,13,,,,"Real Sociedad","1ª",2011,38
47,12,41,37,13,8,12,,,,"Rac. Santander","1ª",2011,38
44,13,37,48,11,11,15,,,,"Getafe","1ª",2011,38
44,14,32,49,12,8,17,,,,"Osasuna","1ª",2011,38
44,15,36,36,10,14,10,,,,"Zaragoza","1ª",2011,38
40,16,22,44,9,13,14,,,,"Dptivo. Coruña","1ª",2011,38
37,17,32,37,10,7,16,,,,"Sporting Gijón","1ª",2011,38
37,18,42,39,10,7,15,,,,"Hércules","1ª",2011,38
37,19,37,48,10,7,21,,1,,"Levante","1ª",2011,38
32,20,42,47,6,14,14,,1,,"Almería","1ª",2011,38
83,1,29,36,23,14,13,1,,,"Betis","2ª",2011,42
72,2,42,32,20,12,11,1,,,"Valladolid","2ª",2011,42
68,3,58,49,19,11,13,1,,,"Cartagena","2ª",2011,42
68,4,33,50,17,17,15,,,,"Numancia","2ª",2011,42
61,5,48,28,17,10,8,,,,"Elche","2ª",2011,42
59,6,25,32,16,11,14,,,,"Granada","2ª",2011,42
58,7,57,52,17,7,18,,,,"Alcorcón","2ª",2011,42
57,8,46,52,15,12,13,,,,"Barcelona B","2ª",2011,42
55,9,58,50,16,7,16,,,,"Rayo Vallecano","2ª",2011,42
55,10,43,54,13,16,15,,,,"Girona","2ª",2011,42
55,11,60,56,14,13,13,,,,"Villarreal B","2ª",2011,42
54,12,30,37,15,9,15,,,,"Celta","2ª",2011,42
45,13,38,44,12,9,14,,,,"Las Palmas","2ª",2011,42
44,14,47,46,10,14,15,,,,"Huesca","2ª",2011,42
41,15,53,39,11,8,10,,,,"Salamanca","2ª",2011,42
41,16,39,43,10,11,15,,,,"Rec. Huelva","2ª",2011,42
40,17,36,56,11,7,22,,,,"Xerez","2ª",2011,42
36,18,35,48,9,9,17,,,,"Gimn. Tarragona","2ª",2011,42
36,19,45,46,9,9,16,,,,"Córdoba","2ª",2011,42
36,20,36,38,9,9,16,,,,"Tenerife","2ª",2011,42
31,21,45,61,6,13,18,,,,"Ponferradina","2ª",2011,42
28,22,35,62,7,7,19,,,,"Albacete","2ª",2011,42
30,23,30,37,7,9,15,1,,,"Celta","Promoción 1ª/2ª",2011,0
30,24,42,32,6,12,11,1,,,"Valladolid","Promoción 1ª/2ª",2011,0
28,25,48,28,6,10,8,1,,,"Elche","Promoción 1ª/2ª",2011,0
17,26,25,32,2,11,14,1,,,"Granada","Promoción 1ª/2ª",2011,0
79,1,41,21,23,10,6,,,1,"Barcelona","1ª",2012,38
79,2,72,47,22,13,7,,,1,"Málaga","1ª",2012,38
75,3,45,29,22,9,8,,,1,"Real Madrid","1ª",2012,38
68,4,49,29,20,8,6,,,1,"At. Madrid","1ª",2012,38
53,5,29,36,13,14,13,,,1,"Betis","1ª",2012,38
52,6,37,33,14,10,12,,,,"Valencia","1ª",2012,38
51,7,37,33,14,9,14,,,,"Mallorca","1ª",2012,38
50,8,48,27,13,11,7,,,,"Espanyol","1ª",2012,38
48,9,45,29,12,12,10,,,,"Sevilla","1ª",2012,38
44,10,32,49,12,8,17,,,,"Osasuna","1ª",2012,38
43,11,37,48,12,7,21,,,,"Levante","1ª",2012,38
41,12,36,36,9,14,10,,,,"Zaragoza","1ª",2012,38
41,13,37,39,11,8,13,,,,"Real Sociedad","1ª",2012,38
41,14,37,48,10,11,15,,,,"Getafe","1ª",2012,38
40,15,58,50,11,7,16,,,,"Rayo Vallecano","1ª",2012,38
38,16,38,51,10,8,17,,,,"Villarreal","1ª",2012,38
38,17,25,32,9,11,14,,,,"Granada","1ª",2012,38
36,18,41,38,9,9,13,,,,"Ath. Bilbao","1ª",2012,38
32,19,41,37,8,8,12,,1,,"Rac. Santander","1ª",2012,38
31,20,32,37,8,7,16,,1,,"Sporting Gijón","1ª",2012,38
72,1,30,37,21,9,15,1,,,"Celta","2ª",2012,42
70,2,22,44,19,13,14,1,,,"Dptivo. Coruña","2ª",2012,42
69,3,42,32,19,12,11,1,,,"Valladolid","2ª",2012,42
65,4,33,50,16,17,15,,,,"Numancia","2ª",2012,42
56,5,42,47,14,14,14,,,,"Almería","2ª",2012,42
55,6,57,52,16,7,18,,,,"Alcorcón","2ª",2012,42
55,7,60,56,14,13,13,,,,"Villarreal B","2ª",2012,42
54,8,45,46,15,9,16,,,,"Córdoba","2ª",2012,42
53,9,58,49,14,11,13,,,,"Cartagena","2ª",2012,42
52,10,48,28,14,10,8,,,,"Elche","2ª",2012,42
51,11,61,26,13,12,8,,,,"Murcia","2ª",2012,42
51,12,46,52,13,12,13,,,,"Barcelona B","2ª",2012,42
49,13,42,39,14,7,15,,,,"Hércules","2ª",2012,42
49,14,50,75,14,7,21,,,,"Guadalajara","2ª",2012,42
49,15,43,54,11,16,15,,,,"Girona","2ª",2012,42
48,16,38,44,13,9,14,,,,"Las Palmas","2ª",2012,42
47,17,47,46,11,14,15,,,,"Huesca","2ª",2012,42
42,18,45,50,10,12,14,,,,"Sabadell","2ª",2012,42
38,19,39,43,9,11,15,,,,"Rec. Huelva","2ª",2012,42
37,20,46,78,9,10,23,,,,"Alcoyano","2ª",2012,42
34,21,36,56,9,7,22,,,,"Xerez","2ª",2012,42
21,22,35,48,4,9,17,,,,"Gimn. Tarragona","2ª",2012,42
30,23,42,32,6,12,11,1,,,"Valladolid","Promoción 1ª/2ª",2012,0
82,1,41,21,24,10,6,,,1,"Barcelona","1ª",2013,38
78,2,45,29,23,9,8,,,1,"Real Madrid","1ª",2013,38
77,3,49,29,23,8,6,,,1,"At. Madrid","1ª",2013,38
70,4,72,47,19,13,7,,,1,"Málaga","1ª",2013,38
60,5,45,29,16,12,10,,,1,"Sevilla","1ª",2013,38
59,6,29,36,15,14,13,,,,"Betis","1ª",2013,38
58,7,37,33,16,10,12,,,,"Valencia","1ª",2013,38
48,8,42,32,12,12,11,,,,"Valladolid","1ª",2013,38
48,9,30,37,13,9,15,,,,"Celta","1ª",2013,38
45,10,37,33,12,9,14,,,,"Mallorca","1ª",2013,38
44,11,37,39,12,8,13,,,,"Real Sociedad","1ª",2013,38
44,12,37,48,11,11,15,,,,"Getafe","1ª",2013,38
43,13,58,50,12,7,16,,,,"Rayo Vallecano","1ª",2013,38
41,14,48,27,10,11,7,,,,"Espanyol","1ª",2013,38
36,15,41,38,9,9,13,,,,"Ath. Bilbao","1ª",2013,38
35,16,32,49,9,8,17,,,,"Osasuna","1ª",2013,38
34,17,22,44,7,13,14,,,,"Dptivo. Coruña","1ª",2013,38
34,18,37,48,9,7,21,,,,"Levante","1ª",2013,38
32,19,36,36,6,14,10,,1,,"Zaragoza","1ª",2013,38
32,20,25,32,7,11,14,,1,,"Granada","1ª",2013,38
70,1,48,28,20,10,8,1,,,"Elche","2ª",2013,42
67,2,43,54,17,16,15,1,,,"Girona","2ª",2013,42
62,3,38,51,18,8,17,1,,,"Villarreal","2ª",2013,42
62,4,33,50,15,17,15,,,,"Numancia","2ª",2013,42
59,5,42,47,15,14,14,,,,"Almería","2ª",2013,42
58,6,57,52,17,7,18,,,,"Alcorcón","2ª",2013,42
57,7,55,45,17,6,14,,,,"Real Madrid B","2ª",2013,42
54,8,61,26,14,12,8,,,,"Murcia","2ª",2013,42
53,9,39,43,14,11,15,,,,"Rec. Huelva","2ª",2013,42
52,10,45,61,13,13,18,,,,"Ponferradina","2ª",2013,42
52,11,35,51,13,13,16,,,,"Mirandés","2ª",2013,42
49,12,50,75,14,7,21,,,,"Guadalajara","2ª",2013,42
48,13,38,44,13,9,14,,,,"Las Palmas","2ª",2013,42
47,14,23,41,12,11,20,,,,"Lugo","2ª",2013,42
47,15,41,37,13,8,12,,,,"Rac. Santander","2ª",2013,42
45,16,45,46,12,9,16,,,,"Córdoba","2ª",2013,42
45,17,45,50,11,12,14,,,,"Sabadell","2ª",2013,42
45,18,46,52,11,12,13,,,,"Barcelona B","2ª",2013,42
44,19,47,46,10,14,15,,,,"Huesca","2ª",2013,42
40,20,42,39,11,7,15,,,,"Hércules","2ª",2013,42
40,21,32,37,11,7,16,,,,"Sporting Gijón","2ª",2013,42
22,22,36,56,5,7,22,,,,"Xerez","2ª",2013,42
29,23,42,47,5,14,14,1,,,"Almería","Promoción 1ª/2ª",2013,0
25,24,43,54,3,16,15,1,,,"Girona","Promoción 1ª/2ª",2013,0
80,1,49,29,24,8,6,,,1,"At. Madrid","1ª",2014,38
76,2,41,21,22,10,6,,,1,"Barcelona","1ª",2014,38
75,3,45,29,22,9,8,,,1,"Real Madrid","1ª",2014,38
64,4,72,47,17,13,7,,,1,"Málaga","1ª",2014,38
54,5,45,29,14,12,10,,,1,"Sevilla","1ª",2014,38
51,6,41,38,14,9,13,,,,"Ath. Bilbao","1ª",2014,38
49,7,37,33,13,10,12,,,,"Valencia","1ª",2014,38
47,8,37,39,13,8,13,,,,"Real Sociedad","1ª",2014,38
47,9,29,36,11,14,13,,,,"Betis","1ª",2014,38
47,10,38,51,13,8,17,,,,"Villarreal","1ª",2014,38
45,11,42,32,11,12,11,,,,"Valladolid","1ª",2014,38
45,12,30,37,12,9,15,,,,"Celta","1ª",2014,38
44,13,48,27,11,11,7,,,,"Espanyol","1ª",2014,38
43,14,48,28,11,10,8,,,,"Elche","1ª",2014,38
41,15,42,47,9,14,14,,,,"Almería","1ª",2014,38
40,16,58,50,11,7,16,,,,"Rayo Vallecano","1ª",2014,38
35,17,37,48,8,11,15,,,,"Getafe","1ª",2014,38
35,18,25,32,8,11,14,,,,"Granada","1ª",2014,38
32,19,32,49,8,8,17,,1,,"Osasuna","1ª",2014,38
31,20,37,48,8,7,21,,1,,"Levante","1ª",2014,38
60,1,61,26,16,12,8,1,,,"Murcia","2ª",2014,42
57,2,46,52,15,12,13,1,,,"Barcelona B","2ª",2014,42
57,3,45,50,15,12,14,1,,,"Sabadell","2ª",2014,42
57,4,36,42,13,18,12,,,,"Éibar","2ª",2014,42
52,5,35,51,13,13,16,,,,"Mirandés","2ª",2014,42
50,6,33,50,11,17,15,,,,"Numancia","2ª",2014,42
49,7,45,61,12,13,18,,,,"Ponferradina","2ª",2014,42
48,8,37,33,13,9,14,,,,"Mallorca","2ª",2014,42
48,9,36,38,13,9,16,,,,"Tenerife","2ª",2014,42
47,10,23,41,12,11,20,,,,"Lugo","2ª",2014,42
46,11,32,37,13,7,16,,,,"Sporting Gijón","2ª",2014,42
46,12,42,32,11,13,10,,,,"Jaén","2ª",2014,42
45,13,38,44,12,9,14,,,,"Las Palmas","2ª",2014,42
44,14,39,43,11,11,15,,,,"Rec. Huelva","2ª",2014,42
43,15,43,54,9,16,15,,,,"Girona","2ª",2014,42
43,16,57,52,12,7,18,,,,"Alcorcón","2ª",2014,42
42,17,55,45,12,6,14,,,,"Real Madrid B","2ª",2014,42
40,18,22,44,9,13,14,,,,"Dptivo. Coruña","2ª",2014,42
39,19,45,46,10,9,16,,,,"Córdoba","2ª",2014,42
38,20,36,36,8,14,10,,,,"Zaragoza","2ª",2014,42
34,21,42,39,9,7,15,,,,"Hércules","2ª",2014,42
28,22,35,45,7,7,18,,,,"Alavés","2ª",2014,42
18,23,38,44,3,9,14,1,,,"Las Palmas","Promoción 1ª/2ª",2014,0
77,1,49,29,23,8,6,,,1,"At. Madrid","1ª",2015,38
76,2,41,21,22,10,6,,,1,"Barcelona","1ª",2015,38
75,3,45,29,22,9,8,,,1,"Real Madrid","1ª",2015,38
64,4,72,47,17,13,7,,,1,"Málaga","1ª",2015,38
64,5,37,33,18,10,12,,,1,"Valencia","1ª",2015,38
60,6,45,29,16,12,10,,,,"Sevilla","1ª",2015,38
56,7,38,51,16,8,17,,,,"Villarreal","1ª",2015,38
51,8,30,37,14,9,15,,,,"Celta","1ª",2015,38
47,9,48,27,12,11,7,,,,"Espanyol","1ª",2015,38
43,10,48,28,11,10,8,,,,"Elche","1ª",2015,38
41,11,37,39,11,8,13,,,,"Real Sociedad","1ª",2015,38
40,12,58,50,11,7,16,,,,"Rayo Vallecano","1ª",2015,38
39,13,36,42,7,18,12,,,,"Éibar","1ª",2015,38
36,14,41,38,9,9,13,,,,"Ath. Bilbao","1ª",2015,38
35,15,37,48,8,11,15,,,,"Getafe","1ª",2015,38
32,16,42,47,6,14,14,,,,"Almería","1ª",2015,38
31,17,22,44,6,13,14,,,,"Dptivo. Coruña","1ª",2015,38
28,18,37,48,7,7,21,,,,"Levante","1ª",2015,38
26,19,25,32,5,11,14,,1,,"Granada","1ª",2015,38
15,20,45,46,2,9,16,,1,,"Córdoba","1ª",2015,38
74,1,29,36,20,14,13,1,,,"Betis","2ª",2015,42
63,2,42,32,17,12,11,1,,,"Valladolid","2ª",2015,42
60,3,38,44,17,9,14,1,,,"Las Palmas","2ª",2015,42
57,4,41,41,15,12,15,,,,"Llagostera","2ª",2015,42
57,5,53,59,15,12,15,,,,"Leganés","2ª",2015,42
55,6,43,54,13,16,15,,,,"Girona","2ª",2015,42
55,7,35,51,14,13,16,,,,"Mirandés","2ª",2015,42
52,8,45,61,13,13,18,,,,"Ponferradina","2ª",2015,42
52,9,32,37,15,7,16,,,,"Sporting Gijón","2ª",2015,42
51,10,37,33,14,9,14,,,,"Mallorca","2ª",2015,42
50,11,33,50,11,17,15,,,,"Numancia","2ª",2015,42
47,12,36,36,11,14,10,,,,"Zaragoza","2ª",2015,42
45,13,36,38,12,9,16,,,,"Tenerife","2ª",2015,42
44,14,23,41,11,11,20,,,,"Lugo","2ª",2015,42
41,15,32,49,11,8,17,,,,"Osasuna","2ª",2015,42
41,16,39,43,10,11,15,,,,"Rec. Huelva","2ª",2015,42
41,17,41,37,11,8,12,,,,"Rac. Santander","2ª",2015,42
40,18,35,45,11,7,18,,,,"Alavés","2ª",2015,42
40,19,35,62,11,7,19,,,,"Albacete","2ª",2015,42
37,20,57,52,10,7,18,,,,"Alcorcón","2ª",2015,42
36,21,46,52,8,12,13,,,,"Barcelona B","2ª",2015,42
36,22,45,50,8,12,14,,,,"Sabadell","2ª",2015,42
20,23,36,36,2,14,10,1,,,"Zaragoza","Promoción 1ª/2ª",2015,0
18,24,38,44,3,9,14,1,,,"Las Palmas","Promoción 1ª/2ª",2015,0
61,1,41,21,17,10,6,,,1,"Barcelona","1ª",2016,23
59,2,49,29,17,8,6,,,1,"At. Madrid","1ª",2016,23
57,3,45,29,16,9,8,,,1,"Real Madrid","1ª",2016,23
55,4,72,47,14,13,7,,,1,"Málaga","1ª",2016,23
51,5,45,29,13,12,10,,,1,"Sevilla","1ª",2016,23
47,6,38,51,13,8,17,,,,"Villarreal","1ª",2016,23
42,7,30,37,11,9,15,,,,"Celta","1ª",2016,23
42,8,36,42,8,18,12,,,,"Éibar","1ª",2016,23
38,9,29,36,8,14,13,,,,"Betis","1ª",2016,23
35,10,48,27,8,11,7,,,,"Espanyol","1ª",2016,23
35,11,37,48,8,11,15,,,,"Getafe","1ª",2016,23
31,12,58,50,8,7,16,,,,"Rayo Vallecano","1ª",2016,23
30,13,41,38,7,9,13,,,,"Ath. Bilbao","1ª",2016,23
30,14,38,44,7,9,14,,,,"Las Palmas","1ª",2016,23
28,15,37,33,6,10,12,,,,"Valencia","1ª",2016,23
26,16,37,39,6,8,13,,,,"Real Sociedad","1ª",2016,23
25,17,22,44,4,13,14,,,,"Dptivo. Coruña","1ª",2016,23
23,18,25,32,4,11,14,,,,"Granada","1ª",2016,23
19,19,37,48,4,7,21,,1,,"Levante","1ª",2016,23
19,20,32,37,4,7,16,,1,,"Sporting Gijón","1ª",2016,23
48,1,53,59,12,12,15,1,,,"Leganés","2ª",2016,24
48,2,41,41,12,12,15,1,,,"Llagostera","2ª",2016,24
43,3,48,28,11,10,8,1,,,"Elche","2ª",2016,24
43,4,61,39,11,10,13,,,,"Ath. Bilbao B","2ª",2016,24
42,5,42,32,10,12,11,,,,"Valladolid","2ª",2016,24
39,6,37,33,10,9,14,,,,"Mallorca","2ª",2016,24
38,7,36,36,8,14,10,,,,"Zaragoza","2ª",2016,24
38,8,33,50,7,17,15,,,,"Numancia","2ª",2016,24
37,9,45,61,8,13,18,,,,"Ponferradina","2ª",2016,24
37,10,35,51,8,13,16,,,,"Mirandés","2ª",2016,24
36,11,45,46,9,9,16,,,,"Córdoba","2ª",2016,24
36,12,33,44,8,12,13,,,,"Oviedo","2ª",2016,24
35,13,42,47,7,14,14,,,,"Almería","2ª",2016,24
34,14,35,45,9,7,18,,,,"Alavés","2ª",2016,24
34,15,57,52,9,7,18,,,,"Alcorcón","2ª",2016,24
34,16,43,54,6,16,15,,,,"Girona","2ª",2016,24
33,17,35,48,8,9,17,,,,"Gimn. Tarragona","2ª",2016,24
32,18,32,49,8,8,17,,,,"Osasuna","2ª",2016,24
32,19,23,41,7,11,20,,,,"Lugo","2ª",2016,24
30,20,36,38,7,9,16,,,,"Tenerife","2ª",2016,24
29,21,47,46,5,14,15,,,,"Huesca","2ª",2016,24
28,22,35,62,7,7,19,,,,"Albacete","2ª",2016,24
51,12,36,42,11,18,12,,,,"Éibar","2ª",1994,38
50,13,38,51,14,8,17,,,,"Villarreal","2ª",1994,38
50,14,29,39,12,14,11,,,,"Palamós","2ª",1994,38
49,15,42,39,14,7,15,,,,"Hércules","2ª",1994,38
45,16,53,59,11,12,15,,,,"Leganés","2ª",1994,38
44,17,45,41,12,8,13,,,,"Marbella","2ª",1994,38
42,18,46,52,10,12,13,,,,"Barcelona B","2ª",1994,38
32,19,51,45,7,11,13,,,,"Cádiz","2ª",1994,38
27,20,44,38,6,9,12,,,,"Castellón","2ª",1994,38
35,21,50,32,8,11,9,1,,,"Toledo","Promoción 1ª/2ª",1994,0
30,22,42,32,6,12,11,1,,,"Valladolid","Promoción 1ª/2ª",1994,0
29,23,36,32,6,11,12,1,,,"Compostela","Promoción 1ª/2ª",1994,0
72,1,45,29,21,9,8,,,1,"Real Madrid","1ª",1995,38
65,2,49,29,19,8,6,,,1,"At. Madrid","1ª",1995,38
64,3,41,21,18,10,6,,,1,"Barcelona","1ª",1995,38
59,4,29,36,15,14,13,,,1,"Betis","1ª",1995,38
56,5,48,27,15,11,7,,,1,"Espanyol","1ª",1995,38
56,6,36,36,14,14,10,,,,"Zaragoza","1ª",1995,38
54,7,33,44,14,12,13,,,,"Oviedo","1ª",1995,38
52,8,22,44,13,13,14,,,,"Dptivo. Coruña","1ª",1995,38
50,9,36,32,13,11,12,,,,"Compostela","1ª",1995,38
49,10,37,33,13,10,12,,,,"Valencia","1ª",1995,38
48,11,36,38,13,9,16,,,,"Tenerife","1ª",1995,38
47,12,41,37,13,8,12,,,,"Rac. Santander","1ª",1995,38
45,13,45,29,11,12,10,,,,"Sevilla","1ª",1995,38
45,14,42,32,11,12,11,,,,"Valladolid","1ª",1995,38
45,15,30,37,12,9,15,,,,"Celta","1ª",1995,38
42,16,41,38,11,9,13,,,,"Ath. Bilbao","1ª",1995,38
38,17,37,39,10,8,13,,,,"Real Sociedad","1ª",1995,38
31,18,35,62,8,7,19,,,,"Albacete","1ª",1995,38
28,19,32,37,7,7,16,,1,,"Sporting Gijón","1ª",1995,38
20,20,40,48,2,14,16,,1,,"Logroñés","1ª",1995,38
66,1,58,48,19,9,13,1,,,"Mérida","2ª",1995,38
62,2,50,32,17,11,9,1,,,"Toledo","2ª",1995,38
60,3,37,33,17,9,14,1,,,"Mallorca","2ª",1995,38
60,4,53,37,16,12,11,,,,"Lleida","2ª",1995,38
58,5,61,39,16,10,13,,,,"Ath. Bilbao B","2ª",1995,38
55,6,58,50,16,7,16,,,,"Rayo Vallecano","2ª",1995,38
51,7,53,59,13,12,15,,,,"Leganés","2ª",1995,38
50,8,53,39,14,8,10,,,,"Salamanca","2ª",1995,38
50,9,45,41,14,8,13,,,,"Marbella","2ª",1995,38
49,10,42,39,14,7,15,,,,"Hércules","2ª",1995,38
48,11,46,52,12,12,13,,,,"Barcelona B","2ª",1995,38
47,12,37,36,13,8,16,,,,"Badajoz","2ª",1995,38
42,13,36,42,8,18,12,,,,"Éibar","2ª",1995,38
42,14,35,48,8,18,12,,,,"Extremadura","2ª",1995,38
41,15,32,49,11,8,17,,,,"Osasuna","2ª",1995,38
41,16,29,39,9,14,11,,,,"Palamós","2ª",1995,38
41,17,38,51,11,8,17,,,,"Villarreal","2ª",1995,38
39,18,55,45,11,6,14,,,,"Real Madrid B","2ª",1995,38
27,19,43,45,5,12,13,,,,"Ourense","2ª",1995,38
23,20,37,48,4,11,15,,,,"Getafe","2ª",1995,38
13,21,32,37,2,7,16,1,,,"Sporting Gijón","Promoción 1ª/2ª",1995,0
74,1,49,29,22,8,6,,,1,"At. Madrid","1ª",1996,42
73,2,41,21,21,10,6,,,1,"Barcelona","1ª",1996,42
67,3,37,33,19,10,12,,,1,"Valencia","1ª",1996,42
63,4,45,29,18,9,8,,,1,"Real Madrid","1ª",1996,42
62,5,36,32,17,11,12,,,1,"Compostela","1ª",1996,42
59,6,29,36,15,14,13,,,,"Betis","1ª",1996,42
56,7,48,27,15,11,7,,,,"Espanyol","1ª",1996,42
54,8,58,48,15,9,13,,,,"Mérida","1ª",1996,42
54,9,30,37,15,9,15,,,,"Celta","1ª",1996,42
51,10,36,38,14,9,16,,,,"Tenerife","1ª",1996,42
50,11,37,39,14,8,13,,,,"Real Sociedad","1ª",1996,42
49,12,22,44,12,13,14,,,,"Dptivo. Coruña","1ª",1996,42
48,13,42,32,12,12,11,,,,"Valladolid","1ª",1996,42
42,14,45,29,10,12,10,,,,"Sevilla","1ª",1996,42
41,15,41,37,11,8,12,,,,"Rac. Santander","1ª",1996,42
41,16,53,39,11,8,10,,,,"Salamanca","1ª",1996,42
40,17,32,37,11,7,16,,,,"Sporting Gijón","1ª",1996,42
39,18,41,38,10,9,13,,,,"Ath. Bilbao","1ª",1996,42
38,19,36,36,8,14,10,,,,"Zaragoza","1ª",1996,42
37,20,58,50,10,7,16,,,,"Rayo Vallecano","1ª",1996,42
34,21,35,62,9,7,19,,1,,"Albacete","1ª",1996,42
33,22,33,44,7,12,13,,1,,"Oviedo","1ª",1996,42
60,1,53,37,16,12,11,1,,,"Lleida","2ª",1996,38
59,2,37,36,17,8,16,1,,,"Badajoz","2ª",1996,38
57,3,35,48,13,18,12,1,,,"Extremadura","2ª",1996,38
56,4,50,32,15,11,9,,,,"Toledo","2ª",1996,38
55,5,42,39,16,7,15,,,,"Hércules","2ª",1996,38
53,6,40,48,13,14,16,,,,"Logroñés","2ª",1996,38
52,7,61,39,14,10,13,,,,"Ath. Bilbao B","2ª",1996,38
51,8,36,42,11,18,12,,,,"Éibar","2ª",1996,38
51,9,37,33,14,9,14,,,,"Mallorca","2ª",1996,38
51,10,53,59,13,12,15,,,,"Leganés","2ª",1996,38
48,11,55,45,14,6,14,,,,"Real Madrid B","2ª",1996,38
46,12,35,45,13,7,18,,,,"Alavés","2ª",1996,38
45,13,34,60,12,9,17,,,,"Écija","2ª",1996,38
45,14,46,52,11,12,13,,,,"Barcelona B","2ª",1996,38
44,15,42,47,10,14,14,,,,"Almería","2ª",1996,38
41,16,38,51,11,8,17,,,,"Villarreal","2ª",1996,38
41,17,32,49,11,8,17,,,,"Osasuna","2ª",1996,38
31,18,49,45,8,7,15,,,,"Sestao","2ª",1996,38
26,19,45,41,6,8,13,,,,"Marbella","2ª",1996,38
26,20,37,48,5,11,15,,,,"Getafe","2ª",1996,38
30,21,35,48,4,18,12,1,,,"Extremadura","Promoción 1ª/2ª",1996,0
27,22,37,33,6,9,14,1,,,"Mallorca","Promoción 1ª/2ª",1996,0
19,23,58,50,4,7,16,1,,,"Rayo Vallecano","Promoción 1ª/2ª",1996,0
79,1,41,21,23,10,6,,,1,"Barcelona","1ª",1997,42
78,2,45,29,23,9,8,,,1,"Real Madrid","1ª",1997,42
71,3,49,29,21,8,6,,,1,"At. Madrid","1ª",1997,42
62,4,29,36,16,14,13,,,1,"Betis","1ª",1997,42
60,5,42,32,16,12,11,,,1,"Valladolid","1ª",1997,42
56,6,48,27,15,11,7,,,,"Espanyol","1ª",1997,42
54,7,35,48,12,18,12,,,,"Extremadura","1ª",1997,42
52,8,22,44,13,13,14,,,,"Dptivo. Coruña","1ª",1997,42
51,9,30,37,14,9,15,,,,"Celta","1ª",1997,42
50,10,37,39,14,8,13,,,,"Real Sociedad","1ª",1997,42
50,11,36,32,13,11,12,,,,"Compostela","1ª",1997,42
49,12,37,33,13,10,12,,,,"Valencia","1ª",1997,42
46,13,42,39,13,7,15,,,,"Hércules","1ª",1997,42
45,14,36,38,12,9,16,,,,"Tenerife","1ª",1997,42
45,15,33,44,11,12,13,,,,"Oviedo","1ª",1997,42
45,16,45,29,11,12,10,,,,"Sevilla","1ª",1997,42
44,17,36,36,10,14,10,,,,"Zaragoza","1ª",1997,42
42,18,41,38,11,9,13,,,,"Ath. Bilbao","1ª",1997,42
41,19,41,37,11,8,12,,,,"Rac. Santander","1ª",1997,42
40,20,58,50,11,7,16,,,,"Rayo Vallecano","1ª",1997,42
35,21,40,48,7,14,16,,1,,"Logroñés","1ª",1997,42
34,22,32,37,9,7,16,,1,,"Sporting Gijón","1ª",1997,42
72,1,58,48,21,9,13,1,,,"Mérida","2ª",1997,38
60,2,37,33,17,9,14,1,,,"Mallorca","2ª",1997,38
59,3,53,39,17,8,10,1,,,"Salamanca","2ª",1997,38
57,4,53,37,15,12,11,,,,"Lleida","2ª",1997,38
56,5,50,32,15,11,9,,,,"Toledo","2ª",1997,38
53,6,37,36,15,8,16,,,,"Badajoz","2ª",1997,38
51,7,36,42,11,18,12,,,,"Éibar","2ª",1997,38
50,8,38,51,14,8,17,,,,"Villarreal","2ª",1997,38
48,9,53,59,12,12,15,,,,"Leganés","2ª",1997,38
46,10,35,62,13,7,19,,,,"Albacete","2ª",1997,38
44,11,42,47,10,14,14,,,,"Almería","2ª",1997,38
42,12,43,45,10,12,13,,,,"Ourense","2ª",1997,38
42,13,38,44,11,9,14,,,,"Las Palmas","2ª",1997,38
38,14,32,49,10,8,17,,,,"Osasuna","2ª",1997,38
37,15,37,48,10,7,21,,,,"Levante","2ª",1997,38
36,16,55,45,10,6,14,,,,"Real Madrid B","2ª",1997,38
36,17,44,55,9,9,16,,,,"At. Madrid B","2ª",1997,38
33,18,46,52,7,12,13,,,,"Barcelona B","2ª",1997,38
33,19,34,60,8,9,17,,,,"Écija","2ª",1997,38
31,20,35,45,8,7,18,,,,"Alavés","2ª",1997,38
27,21,37,33,6,9,14,1,,,"Mallorca","Promoción 1ª/2ª",1997,0
19,22,58,50,4,7,16,1,,,"Rayo Vallecano","Promoción 1ª/2ª",1997,0
70,1,41,21,20,10,6,,,1,"Barcelona","1ª",1998,38
69,2,30,37,20,9,15,,,1,"Celta","1ª",1998,38
68,3,49,29,20,8,6,,,1,"At. Madrid","1ª",1998,38
65,4,29,36,17,14,13,,,1,"Betis","1ª",1998,38
63,5,45,29,18,9,8,,,1,"Real Madrid","1ª",1998,38
54,6,37,33,15,9,14,,,,"Mallorca","1ª",1998,38
54,7,58,48,15,9,13,,,,"Mérida","1ª",1998,38
50,8,36,32,13,11,12,,,,"Compostela","1ª",1998,38
50,9,48,27,13,11,7,,,,"Espanyol","1ª",1998,38
48,10,41,38,13,9,13,,,,"Ath. Bilbao","1ª",1998,38
48,11,42,32,12,12,11,,,,"Valladolid","1ª",1998,38
47,12,41,37,13,8,12,,,,"Rac. Santander","1ª",1998,38
47,13,53,39,13,8,10,,,,"Salamanca","1ª",1998,38
46,14,37,33,12,10,12,,,,"Valencia","1ª",1998,38
44,15,37,39,12,8,13,,,,"Real Sociedad","1ª",1998,38
43,16,22,44,10,13,14,,,,"Dptivo. Coruña","1ª",1998,38
42,17,36,38,11,9,16,,,,"Tenerife","1ª",1998,38
39,18,33,44,9,12,13,,,,"Oviedo","1ª",1998,38
29,19,36,36,5,14,10,,1,,"Zaragoza","1ª",1998,38
16,20,32,37,3,7,16,,1,,"Sporting Gijón","1ª",1998,38
66,1,53,37,18,12,11,1,,,"Lleida","2ª",1998,42
63,2,35,48,15,18,12,1,,,"Extremadura","2ª",1998,42
62,3,37,36,18,8,16,1,,,"Badajoz","2ª",1998,42
60,4,45,29,16,12,10,,,,"Sevilla","2ª",1998,42
59,5,38,51,17,8,17,,,,"Villarreal","2ª",1998,42
58,6,35,45,17,7,18,,,,"Alavés","2ª",1998,42
56,7,50,32,15,11,9,,,,"Toledo","2ª",1998,42
54,8,36,42,12,18,12,,,,"Éibar","2ª",1998,42
54,9,44,55,15,9,16,,,,"At. Madrid B","2ª",1998,42
54,10,38,44,15,9,14,,,,"Las Palmas","2ª",1998,42
52,11,48,28,14,10,8,,,,"Elche","2ª",1998,42
51,12,53,59,13,12,15,,,,"Leganés","2ª",1998,42
49,13,42,39,14,7,15,,,,"Hércules","2ª",1998,42
47,14,33,50,10,17,15,,,,"Numancia","2ª",1998,42
46,15,58,50,13,7,16,,,,"Rayo Vallecano","2ª",1998,42
41,16,32,49,11,8,17,,,,"Osasuna","2ª",1998,42
40,17,35,62,11,7,19,,,,"Albacete","2ª",1998,42
39,18,43,45,9,12,13,,,,"Ourense","2ª",1998,42
37,19,42,32,8,13,10,,,,"Jaén","2ª",1998,42
35,20,40,48,7,14,16,,,,"Logroñés","2ª",1998,42
28,21,36,56,7,7,22,,,,"Xerez","2ª",1998,42
22,22,37,48,5,7,21,,,,"Levante","2ª",1998,42
21,23,33,44,3,12,13,1,,,"Oviedo","Promoción 1ª/2ª",1998,0
18,24,38,44,3,9,14,1,,,"Las Palmas","Promoción 1ª/2ª",1998,0
69,1,45,29,20,9,8,,,1,"Real Madrid","1ª",1999,38
67,2,41,21,19,10,6,,,1,"Barcelona","1ª",1999,38
66,3,37,33,19,9,14,,,1,"Mallorca","1ª",1999,38
63,4,30,37,18,9,15,,,1,"Celta","1ª",1999,38
59,5,49,29,17,8,6,,,1,"At. Madrid","1ª",1999,38
57,6,42,32,15,12,11,,,,"Valladolid","1ª",1999,38
56,7,29,36,14,14,13,,,,"Betis","1ª",1999,38
52,8,37,33,14,10,12,,,,"Valencia","1ª",1999,38
51,9,35,48,11,18,12,,,,"Extremadura","1ª",1999,38
50,10,36,36,12,14,10,,,,"Zaragoza","1ª",1999,38
50,11,48,27,13,11,7,,,,"Espanyol","1ª",1999,38
49,12,22,44,12,13,14,,,,"Dptivo. Coruña","1ª",1999,38
47,13,37,39,13,8,13,,,,"Real Sociedad","1ª",1999,38
42,14,33,44,10,12,13,,,,"Oviedo","1ª",1999,38
42,15,41,38,11,9,13,,,,"Ath. Bilbao","1ª",1999,38
41,16,53,39,11,8,10,,,,"Salamanca","1ª",1999,38
41,17,41,37,11,8,12,,,,"Rac. Santander","1ª",1999,38
40,18,35,45,11,7,18,,,,"Alavés","1ª",1999,38
38,19,38,51,10,8,17,,1,,"Villarreal","1ª",1999,38
30,20,36,38,7,9,16,,1,,"Tenerife","1ª",1999,38
79,1,72,47,22,13,7,1,,,"Málaga","2ª",1999,42
65,2,33,50,16,17,15,1,,,"Numancia","2ª",1999,42
63,3,58,48,18,9,13,1,,,"Mérida","2ª",1999,42
62,4,50,32,17,11,9,,,,"Toledo","2ª",1999,42
57,5,45,29,15,12,10,,,,"Sevilla","2ª",1999,42
57,6,53,37,15,12,11,,,,"Lleida","2ª",1999,42
56,7,36,32,15,11,12,,,,"Compostela","2ª",1999,42
56,8,37,36,16,8,16,,,,"Badajoz","2ª",1999,42
54,9,44,55,15,9,16,,,,"At. Madrid B","2ª",1999,42
52,10,58,50,15,7,16,,,,"Rayo Vallecano","2ª",1999,42
50,11,39,43,13,11,15,,,,"Rec. Huelva","2ª",1999,42
48,12,38,44,13,9,14,,,,"Las Palmas","2ª",1999,42
48,13,53,59,12,12,15,,,,"Leganés","2ª",1999,42
48,14,36,42,10,18,12,,,,"Éibar","2ª",1999,42
47,15,32,49,13,8,17,,,,"Osasuna","2ª",1999,42
46,16,52,64,12,10,20,,,,"Mallorca B","2ª",1999,42
42,17,46,52,10,12,13,,,,"Barcelona B","2ª",1999,42
38,18,40,48,8,14,16,,,,"Logroñés","2ª",1999,42
37,19,35,62,10,7,19,,,,"Albacete","2ª",1999,42
37,20,32,37,10,7,16,,,,"Sporting Gijón","2ª",1999,42
36,21,43,45,8,12,13,,,,"Ourense","2ª",1999,42
34,22,42,39,9,7,15,,,,"Hércules","2ª",1999,42
24,23,45,29,4,12,10,1,,,"Sevilla","Promoción 1ª/2ª",1999,0
19,24,58,50,4,7,16,1,,,"Rayo Vallecano","Promoción 1ª/2ª",1999,0
67,1,41,21,19,10,6,,,1,"Barcelona","1ª",2000,38
64,2,22,44,17,13,14,,,1,"Dptivo. Coruña","1ª",2000,38
61,3,72,47,16,13,7,,,1,"Málaga","1ª",2000,38
60,4,42,32,16,12,11,,,1,"Valladolid","1ª",2000,38
57,5,30,37,16,9,15,,,1,"Celta","1ª",2000,38
57,6,37,33,16,9,14,,,,"Mallorca","1ª",2000,38
56,7,33,50,13,17,15,,,,"Numancia","1ª",2000,38
56,8,29,36,14,14,13,,,,"Betis","1ª",2000,38
55,9,37,33,15,10,12,,,,"Valencia","1ª",2000,38
54,10,45,29,15,9,8,,,,"Real Madrid","1ª",2000,38
50,11,36,36,12,14,10,,,,"Zaragoza","1ª",2000,38
50,12,49,29,14,8,6,,,,"At. Madrid","1ª",2000,38
47,13,48,27,12,11,7,,,,"Espanyol","1ª",2000,38
45,14,33,44,11,12,13,,,,"Oviedo","1ª",2000,38
41,15,37,39,11,8,13,,,,"Real Sociedad","1ª",2000,38
40,16,58,50,11,7,16,,,,"Rayo Vallecano","1ª",2000,38
40,17,35,45,11,7,18,,,,"Alavés","1ª",2000,38
36,18,41,38,9,9,13,,,,"Ath. Bilbao","1ª",2000,38
36,19,45,29,8,12,10,,1,,"Sevilla","1ª",2000,38
32,20,41,37,8,8,12,,1,,"Rac. Santander","1ª",2000,38
63,1,53,37,17,12,11,1,,,"Lleida","2ª",2000,42
63,2,35,48,15,18,12,1,,,"Extremadura","2ª",2000,42
57,3,58,48,16,9,13,1,,,"Mérida","2ª",2000,42
54,4,53,59,14,12,15,,,,"Leganés","2ª",2000,42
53,5,32,49,15,8,17,,,,"Osasuna","2ª",2000,42
53,6,53,39,15,8,10,,,,"Salamanca","2ª",2000,42
51,7,36,42,11,18,12,,,,"Éibar","2ª",2000,42
50,8,38,51,14,8,17,,,,"Villarreal","2ª",2000,42
50,9,50,32,13,11,9,,,,"Toledo","2ª",2000,42
49,10,37,48,14,7,21,,,,"Levante","2ª",2000,42
49,11,48,28,13,10,8,,,,"Elche","2ª",2000,42
48,12,38,44,13,9,14,,,,"Las Palmas","2ª",2000,42
47,13,36,32,12,11,12,,,,"Compostela","2ª",2000,42
45,14,36,38,12,9,16,,,,"Tenerife","2ª",2000,42
45,15,45,46,12,9,16,,,,"Córdoba","2ª",2000,42
44,16,37,36,12,8,16,,,,"Badajoz","2ª",2000,42
42,17,44,55,11,9,16,,,,"At. Madrid B","2ª",2000,42
41,18,40,48,9,14,16,,,,"Logroñés","2ª",2000,42
41,19,37,48,10,11,15,,,,"Getafe","2ª",2000,42
40,20,35,62,11,7,19,,,,"Albacete","2ª",2000,42
40,21,32,37,11,7,16,,,,"Sporting Gijón","2ª",2000,42
38,22,39,43,9,11,15,,,,"Rec. Huelva","2ª",2000,42
72,1,45,29,21,9,8,,,1,"Real Madrid","1ª",2001,38
70,2,72,47,19,13,7,,,1,"Málaga","1ª",2001,38
66,3,37,33,19,9,14,,,1,"Mallorca","1ª",2001,38
64,4,41,21,18,10,6,,,1,"Barcelona","1ª",2001,38
61,5,22,44,16,13,14,,,1,"Dptivo. Coruña","1ª",2001,38
60,6,30,37,17,9,15,,,,"Celta","1ª",2001,38
58,7,37,33,16,10,12,,,,"Valencia","1ª",2001,38
53,8,33,50,12,17,15,,,,"Numancia","1ª",2001,38
53,9,41,37,15,8,12,,,,"Rac. Santander","1ª",2001,38
51,10,42,32,13,12,11,,,,"Valladolid","1ª",2001,38
50,11,48,27,13,11,7,,,,"Espanyol","1ª",2001,38
47,12,38,51,13,8,17,,,,"Villarreal","1ª",2001,38
45,13,33,44,11,12,13,,,,"Oviedo","1ª",2001,38
45,14,38,44,12,9,14,,,,"Las Palmas","1ª",2001,38
41,15,36,36,9,14,10,,,,"Zaragoza","1ª",2001,38
40,16,35,45,11,7,18,,,,"Alavés","1ª",2001,38
39,17,41,38,10,9,13,,,,"Ath. Bilbao","1ª",2001,38
37,18,58,50,10,7,16,,,,"Rayo Vallecano","1ª",2001,38
32,19,37,39,8,8,13,,1,,"Real Sociedad","1ª",2001,38
32,20,32,49,8,8,17,,1,,"Osasuna","1ª",2001,38
74,1,49,29,22,8,6,1,,,"At. Madrid","2ª",2001,42
74,2,29,36,20,14,13,1,,,"Betis","2ª",2001,42
63,3,45,29,17,12,10,1,,,"Sevilla","2ª",2001,42
63,4,35,48,15,18,12,,,,"Extremadura","2ª",2001,42
56,5,37,36,16,8,16,,,,"Badajoz","2ª",2001,42
55,6,42,32,14,13,10,,,,"Jaén","2ª",2001,42
51,7,36,38,14,9,16,,,,"Tenerife","2ª",2001,42
51,8,61,26,13,12,8,,,,"Murcia","2ª",2001,42
49,9,35,62,14,7,19,,,,"Albacete","2ª",2001,42
48,10,36,42,10,18,12,,,,"Éibar","2ª",2001,42
44,11,39,43,11,11,15,,,,"Rec. Huelva","2ª",2001,42
44,12,53,39,12,8,10,,,,"Salamanca","2ª",2001,42
44,13,36,32,11,11,12,,,,"Compostela","2ª",2001,42
43,14,48,28,11,10,8,,,,"Elche","2ª",2001,42
43,15,22,80,12,7,27,,,,"Ferrol","2ª",2001,42
42,16,53,59,10,12,15,,,,"Leganés","2ª",2001,42
42,17,45,46,11,9,16,,,,"Córdoba","2ª",2001,42
40,18,37,48,11,7,21,,,,"Levante","2ª",2001,42
40,19,32,37,11,7,16,,,,"Sporting Gijón","2ª",2001,42
39,20,53,37,9,12,11,,,,"Lleida","2ª",2001,42
39,21,34,63,8,15,19,,,,"Univ.Las Palmas","2ª",2001,42
29,22,37,48,6,11,15,,,,"Getafe","2ª",2001,42
69,1,45,29,20,9,8,,,1,"Real Madrid","1ª",2002,38
65,2,29,36,17,14,13,,,1,"Betis","1ª",2002,38
64,3,72,47,17,13,7,,,1,"Málaga","1ª",2002,38
64,4,41,21,18,10,6,,,1,"Barcelona","1ª",2002,38
61,5,37,33,17,10,12,,,1,"Valencia","1ª",2002,38
59,6,48,27,16,11,7,,,,"Espanyol","1ª",2002,38
57,7,30,37,16,9,15,,,,"Celta","1ª",2002,38
55,8,22,44,14,13,14,,,,"Dptivo. Coruña","1ª",2002,38
54,9,42,32,14,12,11,,,,"Valladolid","1ª",2002,38
49,10,58,50,14,7,16,,,,"Rayo Vallecano","1ª",2002,38
47,11,38,51,13,8,17,,,,"Villarreal","1ª",2002,38
45,12,37,33,12,9,14,,,,"Mallorca","1ª",2002,38
42,13,45,29,10,12,10,,,,"Sevilla","1ª",2002,38
40,14,35,45,11,7,18,,,,"Alavés","1ª",2002,38
38,15,37,39,10,8,13,,,,"Real Sociedad","1ª",2002,38
36,16,36,38,9,9,16,,,,"Tenerife","1ª",2002,38
36,17,38,44,9,9,14,,,,"Las Palmas","1ª",2002,38
35,18,36,36,7,14,10,,,,"Zaragoza","1ª",2002,38
32,19,32,49,8,8,17,,1,,"Osasuna","1ª",2002,38
30,20,41,38,7,9,13,,1,,"Ath. Bilbao","1ª",2002,38
68,1,49,29,20,8,6,1,,,"At. Madrid","2ª",2002,42
65,2,41,37,19,8,12,1,,,"Rac. Santander","2ª",2002,42
58,3,22,80,17,7,27,1,,,"Ferrol","2ª",2002,42
58,4,48,28,16,10,8,,,,"Elche","2ª",2002,42
57,5,36,42,13,18,12,,,,"Éibar","2ª",2002,42
56,6,39,43,15,11,15,,,,"Rec. Huelva","2ª",2002,42
56,7,37,36,16,8,16,,,,"Badajoz","2ª",2002,42
54,8,35,48,12,18,12,,,,"Extremadura","2ª",2002,42
52,9,36,56,15,7,22,,,,"Xerez","2ª",2002,42
51,10,53,59,13,12,15,,,,"Leganés","2ª",2002,42
51,11,61,26,13,12,8,,,,"Murcia","2ª",2002,42
50,12,33,50,11,17,15,,,,"Numancia","2ª",2002,42
50,13,41,48,12,14,16,,,,"Ejido","2ª",2002,42
46,14,35,62,13,7,19,,,,"Albacete","2ª",2002,42
41,15,53,39,11,8,10,,,,"Salamanca","2ª",2002,42
39,16,33,44,9,12,13,,,,"Oviedo","2ª",2002,42
36,17,45,46,9,9,16,,,,"Córdoba","2ª",2002,42
36,18,35,48,9,9,17,,,,"Gimn. Tarragona","2ª",2002,42
34,19,42,32,7,13,10,,,,"Jaén","2ª",2002,42
34,20,32,37,9,7,16,,,,"Sporting Gijón","2ª",2002,42
24,21,36,63,5,9,19,,,,"Burgos","2ª",2002,42
22,22,37,48,5,7,21,,,,"Levante","2ª",2002,42
66,1,45,29,19,9,8,,,1,"Real Madrid","1ª",2003,38
64,2,72,47,17,13,7,,,1,"Málaga","1ª",2003,38
59,3,29,36,15,14,13,,,1,"Betis","1ª",2003,38
59,4,49,29,17,8,6,,,1,"At. Madrid","1ª",2003,38
58,5,41,21,16,10,6,,,1,"Barcelona","1ª",2003,38
57,6,30,37,16,9,15,,,,"Celta","1ª",2003,38
55,7,22,44,14,13,14,,,,"Dptivo. Coruña","1ª",2003,38
54,8,42,32,14,12,11,,,,"Valladolid","1ª",2003,38
53,9,37,39,15,8,13,,,,"Real Sociedad","1ª",2003,38
50,10,41,37,14,8,12,,,,"Rac. Santander","1ª",2003,38
49,11,37,33,13,10,12,,,,"Valencia","1ª",2003,38
47,12,48,27,12,11,7,,,,"Espanyol","1ª",2003,38
45,13,37,33,12,9,14,,,,"Mallorca","1ª",2003,38
45,14,45,29,11,12,10,,,,"Sevilla","1ª",2003,38
45,15,41,38,12,9,13,,,,"Ath. Bilbao","1ª",2003,38
44,16,38,51,12,8,17,,,,"Villarreal","1ª",2003,38
38,17,32,49,10,8,17,,,,"Osasuna","1ª",2003,38
35,18,39,43,8,11,15,,,,"Rec. Huelva","1ª",2003,38
28,19,58,50,7,7,16,,1,,"Rayo Vallecano","1ª",2003,38
25,20,35,45,6,7,18,,1,,"Alavés","1ª",2003,38
72,1,61,26,20,12,8,1,,,"Murcia","2ª",2003,42
56,2,33,50,13,17,15,1,,,"Numancia","2ª",2003,42
53,3,41,48,13,14,16,1,,,"Ejido","2ª",2003,42
50,4,36,36,12,14,10,,,,"Zaragoza","2ª",2003,42
50,5,36,32,13,11,12,,,,"Compostela","2ª",2003,42
49,6,22,80,14,7,27,,,,"Ferrol","2ª",2003,42
47,7,37,36,13,8,16,,,,"Badajoz","2ª",2003,42
47,8,42,47,11,14,14,,,,"Almería","2ª",2003,42
46,9,48,28,12,10,8,,,,"Elche","2ª",2003,42
45,10,53,59,11,12,15,,,,"Leganés","2ª",2003,42
45,11,38,44,12,9,14,,,,"Las Palmas","2ª",2003,42
45,12,36,42,9,18,12,,,,"Éibar","2ª",2003,42
45,13,36,38,12,9,16,,,,"Tenerife","2ª",2003,42
44,14,37,48,11,11,15,,,,"Getafe","2ª",2003,42
43,15,37,48,12,7,21,,,,"Levante","2ª",2003,42
43,16,35,45,11,10,16,,,,"Terrassa","2ª",2003,42
41,17,53,39,11,8,10,,,,"Salamanca","2ª",2003,42
40,18,35,62,11,7,19,,,,"Albacete","2ª",2003,42
37,19,36,56,10,7,22,,,,"Xerez","2ª",2003,42
31,20,32,37,8,7,16,,,,"Sporting Gijón","2ª",2003,42
30,21,45,46,7,9,16,,,,"Córdoba","2ª",2003,42
30,22,33,44,6,12,13,,,,"Oviedo","2ª",2003,42
70,1,72,47,19,13,7,,,1,"Málaga","1ª",2004,38
68,2,49,29,20,8,6,,,1,"At. Madrid","1ª",2004,38
66,3,45,29,19,9,8,,,1,"Real Madrid","1ª",2004,38
58,4,41,21,16,10,6,,,1,"Barcelona","1ª",2004,38
57,5,45,29,15,12,10,,,1,"Sevilla","1ª",2004,38
55,6,22,44,14,13,14,,,,"Dptivo. Coruña","1ª",2004,38
55,7,37,33,15,10,12,,,,"Valencia","1ª",2004,38
50,8,29,36,12,14,13,,,,"Betis","1ª",2004,38
50,9,38,51,14,8,17,,,,"Villarreal","1ª",2004,38
48,10,42,32,12,12,11,,,,"Valladolid","1ª",2004,38
47,11,48,27,12,11,7,,,,"Espanyol","1ª",2004,38
45,12,37,33,12,9,14,,,,"Mallorca","1ª",2004,38
45,13,61,26,11,12,8,,,,"Murcia","1ª",2004,38
42,14,41,38,11,9,13,,,,"Ath. Bilbao","1ª",2004,38
40,15,35,62,11,7,19,,,,"Albacete","1ª",2004,38
39,16,30,37,10,9,15,,,,"Celta","1ª",2004,38
38,17,41,37,10,8,12,,,,"Rac. Santander","1ª",2004,38
38,18,36,36,8,14,10,,,,"Zaragoza","1ª",2004,38
35,19,37,39,9,8,13,,1,,"Real Sociedad","1ª",2004,38
32,20,32,49,8,8,17,,1,,"Osasuna","1ª",2004,38
71,1,33,50,18,17,15,1,,,"Numancia","2ª",2004,42
56,2,51,45,15,11,13,1,,,"Cádiz","2ª",2004,42
53,3,41,48,13,14,16,1,,,"Ejido","2ª",2004,42
53,4,37,48,14,11,15,,,,"Getafe","2ª",2004,42
52,5,37,48,15,7,21,,,,"Levante","2ª",2004,42
52,6,48,28,14,10,8,,,,"Elche","2ª",2004,42
50,7,39,43,13,11,15,,,,"Rec. Huelva","2ª",2004,42
49,8,32,37,14,7,16,,,,"Sporting Gijón","2ª",2004,42
49,9,51,63,11,16,15,,,,"Granada 74","2ª",2004,42
49,10,46,56,11,16,15,,,,"Málaga B","2ª",2004,42
47,11,42,47,11,14,14,,,,"Almería","2ª",2004,42
