equipo,puesto,puntos,partidosGanados,partidosEmpatados,partidosPerdidos,golesAF,golesEC,division,temporada,numJornada,asciende,desciende,europa
At. Madrid,1,68,20,8,6,49,29,1ª,1973,34,NULL,NULL,1
Barcelona,2,64,18,10,6,41,21,1ª,1973,34,NULL,NULL,1
Espanyol,3,62,17,11,7,48,27,1ª,1973,34,NULL,NULL,1
Real Madrid,4,60,17,9,8,45,29,1ª,1973,34,NULL,NULL,1
Celta,5,57,16,9,15,30,37,1ª,1973,34,NULL,NULL,1
Betis,6,53,13,14,13,29,36,1ª,1973,34,NULL,NULL,NULL
Castellón,7,48,13,9,12,44,38,1ª,1973,34,NULL,NULL,NULL
Real Sociedad,8,47,13,8,13,37,39,1ª,1973,34,NULL,NULL,NULL
Valencia,9,46,12,10,12,37,33,1ª,1973,34,NULL,NULL,NULL
Ath. Bilbao,10,45,12,9,13,41,38,1ª,1973,34,NULL,NULL,NULL
Zaragoza,11,44,10,14,10,36,36,1ª,1973,34,NULL,NULL,NULL
Málaga (C.D.),12,44,11,11,12,33,29,1ª,1973,34,NULL,NULL,NULL
Las Palmas,13,42,11,9,14,38,44,1ª,1973,34,NULL,NULL,NULL
Sporting Gijón,14,40,11,7,16,32,37,1ª,1973,34,NULL,NULL,NULL
Oviedo,15,39,9,12,13,33,44,1ª,1973,34,NULL,NULL,NULL
Granada,16,38,9,11,14,25,32,1ª,1973,34,NULL,NULL,NULL
Burgos,17,36,9,9,19,36,63,1ª,1973,34,NULL,1,NULL
Dptivo. Coruña,18,34,7,13,14,22,44,1ª,1973,34,NULL,1,NULL
Murcia,1,84,24,12,8,61,26,2ª,1973,38,1,NULL,NULL
Elche,2,70,20,10,8,48,28,2ª,1973,38,1,NULL,NULL
Rac. Santander,3,68,20,8,12,41,37,2ª,1973,38,1,NULL,NULL
Sevilla,4,60,16,12,10,45,29,2ª,1973,38,NULL,NULL,NULL
Tenerife,5,57,16,9,16,36,38,2ª,1973,38,NULL,NULL,NULL
Valladolid,6,57,15,12,11,42,32,2ª,1973,38,NULL,NULL,NULL
Hércules,7,55,16,7,15,42,39,2ª,1973,38,NULL,NULL,NULL
Sant Andreu,8,54,14,12,12,49,51,2ª,1973,38,NULL,NULL,NULL
Mallorca,9,54,15,9,14,37,33,2ª,1973,38,NULL,NULL,NULL
Cádiz,10,53,14,11,13,51,45,2ª,1973,38,NULL,NULL,NULL
Barakaldo,11,53,14,11,13,43,48,2ª,1973,38,NULL,NULL,NULL
Rayo Vallecano,12,52,15,7,16,58,50,2ª,1973,38,NULL,NULL,NULL
Sabadell,13,48,12,12,14,45,50,2ª,1973,38,NULL,NULL,NULL
Córdoba,14,48,13,9,16,45,46,2ª,1973,38,NULL,NULL,NULL
Osasuna,15,47,13,8,17,32,49,2ª,1973,38,NULL,NULL,NULL
Gimn. Tarragona,16,45,12,9,17,35,48,2ª,1973,38,NULL,NULL,NULL
Pontevedra,17,40,10,10,18,37,50,2ª,1973,38,NULL,NULL,NULL
Cult. Leonesa,18,40,10,10,18,37,53,2ª,1973,38,NULL,NULL,NULL
Logroñés,19,38,8,14,16,40,48,2ª,1973,38,NULL,NULL,NULL
At. Madrid,1,77,23,8,6,49,29,1ª,1974,34,NULL,NULL,1
Barcelona,2,73,21,10,6,41,21,1ª,1974,34,NULL,NULL,1
Celta,3,63,18,9,15,30,37,1ª,1974,34,NULL,NULL,1
Real Madrid,4,60,17,9,8,45,29,1ª,1974,34,NULL,NULL,1
Espanyol,5,59,16,11,7,48,27,1ª,1974,34,NULL,NULL,1
Zaragoza,6,59,15,14,10,36,36,1ª,1974,34,NULL,NULL,NULL
Las Palmas,7,54,15,9,14,38,44,1ª,1974,34,NULL,NULL,NULL
Murcia,8,54,14,12,8,61,26,1ª,1974,34,NULL,NULL,NULL
Elche,9,52,14,10,8,48,28,1ª,1974,34,NULL,NULL,NULL
Ath. Bilbao,10,51,14,9,13,41,38,1ª,1974,34,NULL,NULL,NULL
Málaga (C.D.),11,50,13,11,12,33,29,1ª,1974,34,NULL,NULL,NULL
Real Sociedad,12,50,14,8,13,37,39,1ª,1974,34,NULL,NULL,NULL
Valencia,13,46,12,10,12,37,33,1ª,1974,34,NULL,NULL,NULL
Sporting Gijón,14,46,13,7,16,32,37,1ª,1974,34,NULL,NULL,NULL
Granada,15,44,11,11,14,25,32,1ª,1974,34,NULL,NULL,NULL
Rac. Santander,16,44,12,8,12,41,37,1ª,1974,34,NULL,NULL,NULL
Castellón,17,39,10,9,12,44,38,1ª,1974,34,NULL,1,NULL
Oviedo,18,39,9,12,13,33,44,1ª,1974,34,NULL,1,NULL
Valladolid,1,72,20,12,11,42,32,2ª,1974,38,1,NULL,NULL
Betis,2,71,19,14,13,29,36,2ª,1974,38,1,NULL,NULL
Cádiz,3,68,19,11,13,51,45,2ª,1974,38,1,NULL,NULL
Salamanca,4,68,20,8,10,53,39,2ª,1974,38,NULL,NULL,NULL
Sant Andreu,5,66,18,12,12,49,51,2ª,1974,38,NULL,NULL,NULL
Tenerife,6,66,19,9,16,36,38,2ª,1974,38,NULL,NULL,NULL
Barakaldo,7,62,17,11,13,43,48,2ª,1974,38,NULL,NULL,NULL
Hércules,8,61,18,7,15,42,39,2ª,1974,38,NULL,NULL,NULL
Sevilla,9,60,16,12,10,45,29,2ª,1974,38,NULL,NULL,NULL
Córdoba,10,54,15,9,16,45,46,2ª,1974,38,NULL,NULL,NULL
Gimn. Tarragona,11,54,15,9,17,35,48,2ª,1974,38,NULL,NULL,NULL
Mallorca,12,54,15,9,14,37,33,2ª,1974,38,NULL,NULL,NULL
Rayo Vallecano,13,52,15,7,16,58,50,2ª,1974,38,NULL,NULL,NULL
Ourense,14,51,13,12,13,43,45,2ª,1974,38,NULL,NULL,NULL
Burgos,15,51,14,9,19,36,63,2ª,1974,38,NULL,NULL,NULL
Dptivo. Coruña,16,46,11,13,14,22,44,2ª,1974,38,NULL,NULL,NULL
Sabadell,17,42,10,12,14,45,50,2ª,1974,38,NULL,NULL,NULL
Osasuna,18,38,10,8,17,32,49,2ª,1974,38,NULL,NULL,NULL
Levante,19,37,10,7,21,37,48,2ª,1974,38,NULL,NULL,NULL
Linares,20,33,8,9,21,29,59,2ª,1974,38,NULL,NULL,NULL
Real Madrid,1,72,21,9,8,45,29,1ª,1975,34,NULL,NULL,1
At. Madrid,2,68,20,8,6,49,29,1ª,1975,34,NULL,NULL,1
Betis,3,68,18,14,13,29,36,1ª,1975,34,NULL,NULL,1
Barcelona,4,64,18,10,6,41,21,1ª,1975,34,NULL,NULL,1
Espanyol,5,62,17,11,7,48,27,1ª,1975,34,NULL,NULL,1
Elche,6,61,17,10,8,48,28,1ª,1975,34,NULL,NULL,NULL
Celta,7,57,16,9,15,30,37,1ª,1975,34,NULL,NULL,NULL
Zaragoza,8,56,14,14,10,36,36,1ª,1975,34,NULL,NULL,NULL
Málaga (C.D.),9,53,14,11,12,33,29,1ª,1975,34,NULL,NULL,NULL
Las Palmas,10,51,14,9,14,38,44,1ª,1975,34,NULL,NULL,NULL
Valencia,11,49,13,10,12,37,33,1ª,1975,34,NULL,NULL,NULL
Murcia,12,48,12,12,8,61,26,1ª,1975,34,NULL,NULL,NULL
Ath. Bilbao,13,48,13,9,13,41,38,1ª,1975,34,NULL,NULL,NULL
Salamanca,14,47,13,8,10,53,39,1ª,1975,34,NULL,NULL,NULL
Real Sociedad,15,44,12,8,13,37,39,1ª,1975,34,NULL,NULL,NULL
Granada,16,41,10,11,14,25,32,1ª,1975,34,NULL,NULL,NULL
Sporting Gijón,17,40,11,7,16,32,37,1ª,1975,34,NULL,1,NULL
Hércules,18,37,10,7,15,42,39,1ª,1975,34,NULL,1,NULL
Sevilla,1,72,20,12,10,45,29,2ª,1975,38,1,NULL,NULL
Rac. Santander,2,71,21,8,12,41,37,2ª,1975,38,1,NULL,NULL
Cádiz,3,71,20,11,13,51,45,2ª,1975,38,1,NULL,NULL
Oviedo,4,63,17,12,13,33,44,2ª,1975,38,NULL,NULL,NULL
Córdoba,5,60,17,9,16,45,46,2ª,1975,38,NULL,NULL,NULL
Valladolid,6,60,16,12,11,42,32,2ª,1975,38,NULL,NULL,NULL
Tenerife,7,60,17,9,16,36,38,2ª,1975,38,NULL,NULL,NULL
Mallorca,8,60,17,9,14,37,33,2ª,1975,38,NULL,NULL,NULL
Rayo Vallecano,9,55,16,7,16,58,50,2ª,1975,38,NULL,NULL,NULL
Castellón,10,54,15,9,12,44,38,2ª,1975,38,NULL,NULL,NULL
Sant Andreu,11,54,14,12,12,49,51,2ª,1975,38,NULL,NULL,NULL
Barcelona B,12,51,13,12,13,46,52,2ª,1975,38,NULL,NULL,NULL
Barakaldo,13,50,13,11,13,43,48,2ª,1975,38,NULL,NULL,NULL
Rec. Huelva,14,47,12,11,15,39,43,2ª,1975,38,NULL,NULL,NULL
Alavés,15,46,13,7,18,35,45,2ª,1975,38,NULL,NULL,NULL
Burgos,16,45,12,9,19,36,63,2ª,1975,38,NULL,NULL,NULL
Ourense,17,42,10,12,13,43,45,2ª,1975,38,NULL,NULL,NULL
Sabadell,18,39,9,12,14,45,50,2ª,1975,38,NULL,NULL,NULL
Gimn. Tarragona,19,39,10,9,17,35,48,2ª,1975,38,NULL,NULL,NULL
Cult. Leonesa,20,37,9,10,18,37,53,2ª,1975,38,NULL,NULL,NULL
At. Madrid,1,77,23,8,6,49,29,1ª,1976,34,NULL,NULL,1
Barcelona,2,73,21,10,6,41,21,1ª,1976,34,NULL,NULL,1
Real Madrid,3,72,21,9,8,45,29,1ª,1976,34,NULL,NULL,1
Espanyol,4,68,19,11,7,48,27,1ª,1976,34,NULL,NULL,1
Betis,5,68,18,14,13,29,36,1ª,1976,34,NULL,NULL,1
Rac. Santander,6,62,18,8,12,41,37,1ª,1976,34,NULL,NULL,NULL
Sevilla,7,57,15,12,10,45,29,1ª,1976,34,NULL,NULL,NULL
Ath. Bilbao,8,54,15,9,13,41,38,1ª,1976,34,NULL,NULL,NULL
Zaragoza,9,50,12,14,10,36,36,1ª,1976,34,NULL,NULL,NULL
Elche,10,49,13,10,8,48,28,1ª,1976,34,NULL,NULL,NULL
Oviedo,11,48,12,12,13,33,44,1ª,1976,34,NULL,NULL,NULL
Salamanca,12,47,13,8,10,53,39,1ª,1976,34,NULL,NULL,NULL
Valencia,13,46,12,10,12,37,33,1ª,1976,34,NULL,NULL,NULL
Hércules,14,46,13,7,15,42,39,1ª,1976,34,NULL,NULL,NULL
Real Sociedad,15,44,12,8,13,37,39,1ª,1976,34,NULL,NULL,NULL
Las Palmas,16,42,11,9,14,38,44,1ª,1976,34,NULL,NULL,NULL
Granada,17,35,8,11,14,25,32,1ª,1976,34,NULL,1,NULL
Sporting Gijón,18,31,8,7,16,32,37,1ª,1976,34,NULL,1,NULL
Celta,1,66,19,9,15,30,37,2ª,1976,38,1,NULL,NULL
Sant Andreu,2,63,17,12,12,49,51,2ª,1976,38,1,NULL,NULL
Valladolid,3,63,17,12,11,42,32,2ª,1976,38,1,NULL,NULL
Murcia,4,63,17,12,8,61,26,2ª,1976,38,NULL,NULL,NULL
Málaga (C.D.),5,62,17,11,12,33,29,2ª,1976,38,NULL,NULL,NULL
Dptivo. Coruña,6,61,16,13,14,22,44,2ª,1976,38,NULL,NULL,NULL
Cádiz,7,59,16,11,13,51,45,2ª,1976,38,NULL,NULL,NULL
Rayo Vallecano,8,58,17,7,16,58,50,2ª,1976,38,NULL,NULL,NULL
Osasuna,9,56,16,8,17,32,49,2ª,1976,38,NULL,NULL,NULL
Burgos,10,54,15,9,19,36,63,2ª,1976,38,NULL,NULL,NULL
Córdoba,11,54,15,9,16,45,46,2ª,1976,38,NULL,NULL,NULL
Rec. Huelva,12,53,14,11,15,39,43,2ª,1976,38,NULL,NULL,NULL
Tenerife,13,51,14,9,16,36,38,2ª,1976,38,NULL,NULL,NULL
Calvo Sotelo,14,49,13,10,15,42,51,2ª,1976,38,NULL,NULL,NULL
Barcelona B,15,48,12,12,13,46,52,2ª,1976,38,NULL,NULL,NULL
Terrassa,16,46,12,10,16,35,45,2ª,1976,38,NULL,NULL,NULL
Ensidesa,17,44,11,11,16,31,46,2ª,1976,38,NULL,NULL,NULL
Alavés,18,43,12,7,18,35,45,2ª,1976,38,NULL,NULL,NULL
Castellón,19,42,11,9,12,44,38,2ª,1976,38,NULL,NULL,NULL
Gimn. Tarragona,20,39,10,9,17,35,48,2ª,1976,38,NULL,NULL,NULL
At. Madrid,1,74,22,8,6,49,29,1ª,1977,34,NULL,NULL,1
Betis,2,68,18,14,13,29,36,1ª,1977,34,NULL,NULL,1
Barcelona,3,67,19,10,6,41,21,1ª,1977,34,NULL,NULL,1
Espanyol,4,62,17,11,7,48,27,1ª,1977,34,NULL,NULL,1
Elche,5,55,15,10,8,48,28,1ª,1977,34,NULL,NULL,1
Celta,6,54,15,9,15,30,37,1ª,1977,34,NULL,NULL,NULL
Las Palmas,7,54,15,9,14,38,44,1ª,1977,34,NULL,NULL,NULL
Real Madrid,8,54,15,9,8,45,29,1ª,1977,34,NULL,NULL,NULL
Rac. Santander,9,53,15,8,12,41,37,1ª,1977,34,NULL,NULL,NULL
Sevilla,10,51,13,12,10,45,29,1ª,1977,34,NULL,NULL,NULL
Real Sociedad,11,50,14,8,13,37,39,1ª,1977,34,NULL,NULL,NULL
Valencia,12,49,13,10,12,37,33,1ª,1977,34,NULL,NULL,NULL
Hércules,13,49,14,7,15,42,39,1ª,1977,34,NULL,NULL,NULL
Ath. Bilbao,14,48,13,9,13,41,38,1ª,1977,34,NULL,NULL,NULL
Burgos,15,48,13,9,19,36,63,1ª,1977,34,NULL,NULL,NULL
Salamanca,16,47,13,8,10,53,39,1ª,1977,34,NULL,NULL,NULL
Zaragoza,17,44,10,14,10,36,36,1ª,1977,34,NULL,1,NULL
Málaga (C.D.),18,32,7,11,12,33,29,1ª,1977,34,NULL,1,NULL
Cádiz,1,65,18,11,13,51,45,2ª,1977,38,1,NULL,NULL
Valladolid,2,60,16,12,11,42,32,2ª,1977,38,1,NULL,NULL
Jaén,3,58,15,13,10,42,32,2ª,1977,38,1,NULL,NULL
Rayo Vallecano,4,58,17,7,16,58,50,2ª,1977,38,NULL,NULL,NULL
Oviedo,5,57,15,12,13,33,44,2ª,1977,38,NULL,NULL,NULL
Rec. Huelva,6,56,15,11,15,39,43,2ª,1977,38,NULL,NULL,NULL
Calvo Sotelo,7,55,15,10,15,42,51,2ª,1977,38,NULL,NULL,NULL
Tenerife,8,54,15,9,16,36,38,2ª,1977,38,NULL,NULL,NULL
Castellón,9,54,15,9,12,44,38,2ª,1977,38,NULL,NULL,NULL
Granada,10,53,14,11,14,25,32,2ª,1977,38,NULL,NULL,NULL
Sant Andreu,11,51,13,12,12,49,51,2ª,1977,38,NULL,NULL,NULL
Sporting Gijón,12,49,14,7,16,32,37,2ª,1977,38,NULL,NULL,NULL
Getafe,13,47,12,11,15,37,48,2ª,1977,38,NULL,NULL,NULL
Terrassa,14,46,12,10,16,35,45,2ª,1977,38,NULL,NULL,NULL
Dptivo. Coruña,15,43,10,13,14,22,44,2ª,1977,38,NULL,NULL,NULL
Pontevedra,16,43,11,10,18,37,50,2ª,1977,38,NULL,NULL,NULL
Córdoba,17,42,11,9,16,45,46,2ª,1977,38,NULL,NULL,NULL
Barcelona B,18,42,10,12,13,46,52,2ª,1977,38,NULL,NULL,NULL
Levante,19,37,10,7,21,37,48,2ª,1977,38,NULL,NULL,NULL
Alavés,20,37,10,7,18,35,45,2ª,1977,38,NULL,NULL,NULL
At. Madrid,1,77,23,8,6,49,29,1ª,1978,34,NULL,NULL,1
Real Madrid,2,72,21,9,8,45,29,1ª,1978,34,NULL,NULL,1
Barcelona,3,67,19,10,6,41,21,1ª,1978,34,NULL,NULL,1
Betis,4,62,16,14,13,29,36,1ª,1978,34,NULL,NULL,1
Valencia,5,58,16,10,12,37,33,1ª,1978,34,NULL,NULL,1
Sevilla,6,57,15,12,10,45,29,1ª,1978,34,NULL,NULL,NULL
Espanyol,7,56,15,11,7,48,27,1ª,1978,34,NULL,NULL,NULL
Elche,8,55,15,10,8,48,28,1ª,1978,34,NULL,NULL,NULL
Ath. Bilbao,9,54,15,9,13,41,38,1ª,1978,34,NULL,NULL,NULL
Rac. Santander,10,53,15,8,12,41,37,1ª,1978,34,NULL,NULL,NULL
Rayo Vallecano,11,52,15,7,16,58,50,1ª,1978,34,NULL,NULL,NULL
Salamanca,12,50,14,8,10,53,39,1ª,1978,34,NULL,NULL,NULL
Sporting Gijón,13,46,13,7,16,32,37,1ª,1978,34,NULL,NULL,NULL
Cádiz,14,44,11,11,13,51,45,1ª,1978,34,NULL,NULL,NULL
Real Sociedad,15,44,12,8,13,37,39,1ª,1978,34,NULL,NULL,NULL
Hércules,16,43,12,7,15,42,39,1ª,1978,34,NULL,NULL,NULL
Burgos,17,42,11,9,19,36,63,1ª,1978,34,NULL,1,NULL
Las Palmas,18,39,10,9,14,38,44,1ª,1978,34,NULL,1,NULL
Murcia,1,69,19,12,8,61,26,2ª,1978,38,1,NULL,NULL
Zaragoza,2,68,18,14,10,36,36,2ª,1978,38,1,NULL,NULL
Valladolid,3,66,18,12,11,42,32,2ª,1978,38,1,NULL,NULL
Rec. Huelva,4,65,18,11,15,39,43,2ª,1978,38,NULL,NULL,NULL
Barakaldo,5,65,18,11,13,43,48,2ª,1978,38,NULL,NULL,NULL
Celta,6,63,18,9,15,30,37,2ª,1978,38,NULL,NULL,NULL
Granada,7,56,15,11,14,25,32,2ª,1978,38,NULL,NULL,NULL
Osasuna,8,56,16,8,17,32,49,2ª,1978,38,NULL,NULL,NULL
Terrassa,9,55,15,10,16,35,45,2ª,1978,38,NULL,NULL,NULL
Sabadell,10,54,14,12,14,45,50,2ª,1978,38,NULL,NULL,NULL
Dptivo. Coruña,11,49,12,13,14,22,44,2ª,1978,38,NULL,NULL,NULL
Oviedo,12,48,12,12,13,33,44,2ª,1978,38,NULL,NULL,NULL
Getafe,13,47,12,11,15,37,48,2ª,1978,38,NULL,NULL,NULL
Málaga (C.D.),14,47,12,11,12,33,29,2ª,1978,38,NULL,NULL,NULL
Tenerife,15,45,12,9,16,36,38,2ª,1978,38,NULL,NULL,NULL
Alavés,16,43,12,7,18,35,45,2ª,1978,38,NULL,NULL,NULL
Jaén,17,43,10,13,10,42,32,2ª,1978,38,NULL,NULL,NULL
Calvo Sotelo,18,40,10,10,15,42,51,2ª,1978,38,NULL,NULL,NULL
Castellón,19,39,10,9,12,44,38,2ª,1978,38,NULL,NULL,NULL
Córdoba,20,36,9,9,16,45,46,2ª,1978,38,NULL,NULL,NULL
Barcelona,1,70,20,10,6,41,21,1ª,1979,34,NULL,NULL,1
Real Madrid,2,63,18,9,8,45,29,1ª,1979,34,NULL,NULL,1
At. Madrid,3,62,18,8,6,49,29,1ª,1979,34,NULL,NULL,1
Espanyol,4,62,17,11,7,48,27,1ª,1979,34,NULL,NULL,1
Real Sociedad,5,56,16,8,13,37,39,1ª,1979,34,NULL,NULL,1
Valencia,6,55,15,10,12,37,33,1ª,1979,34,NULL,NULL,NULL
Zaragoza,7,53,13,14,10,36,36,1ª,1979,34,NULL,NULL,NULL
Salamanca,8,53,15,8,10,53,39,1ª,1979,34,NULL,NULL,NULL
Sporting Gijón,9,52,15,7,16,32,37,1ª,1979,34,NULL,NULL,NULL
Celta,10,51,14,9,15,30,37,1ª,1979,34,NULL,NULL,NULL
Sevilla,11,51,13,12,10,45,29,1ª,1979,34,NULL,NULL,NULL
Hércules,12,49,14,7,15,42,39,1ª,1979,34,NULL,NULL,NULL
Ath. Bilbao,13,45,12,9,13,41,38,1ª,1979,34,NULL,NULL,NULL
Las Palmas,14,45,12,9,14,38,44,1ª,1979,34,NULL,NULL,NULL
Rac. Santander,15,44,12,8,12,41,37,1ª,1979,34,NULL,NULL,NULL
Rec. Huelva,16,41,10,11,15,39,43,1ª,1979,34,NULL,NULL,NULL
Rayo Vallecano,17,40,11,7,16,58,50,1ª,1979,34,NULL,1,NULL
Burgos,18,33,8,9,19,36,63,1ª,1979,34,NULL,1,NULL
Valladolid,1,75,21,12,11,42,32,2ª,1979,38,1,NULL,NULL
Betis,2,74,20,14,13,29,36,2ª,1979,38,1,NULL,NULL
Almería (A.D.),3,68,21,5,17,62,44,2ª,1979,38,1,NULL,NULL
Elche,4,64,18,10,8,48,28,2ª,1979,38,NULL,NULL,NULL
Málaga (C.D.),5,62,17,11,12,33,29,2ª,1979,38,NULL,NULL,NULL
Real Madrid B,6,60,18,6,14,55,45,2ª,1979,38,NULL,NULL,NULL
Getafe,7,59,16,11,15,37,48,2ª,1979,38,NULL,NULL,NULL
Murcia,8,57,15,12,8,61,26,2ª,1979,38,NULL,NULL,NULL
Osasuna,9,56,16,8,17,32,49,2ª,1979,38,NULL,NULL,NULL
Cádiz,10,56,15,11,13,51,45,2ª,1979,38,NULL,NULL,NULL
Granada,11,56,15,11,14,25,32,2ª,1979,38,NULL,NULL,NULL
Jaén,12,52,13,13,10,42,32,2ª,1979,38,NULL,NULL,NULL
Alavés,13,52,15,7,18,35,45,2ª,1979,38,NULL,NULL,NULL
Dptivo. Coruña,14,49,12,13,14,22,44,2ª,1979,38,NULL,NULL,NULL
Castellón,15,48,13,9,12,44,38,2ª,1979,38,NULL,NULL,NULL
Algeciras,16,47,13,8,17,40,53,2ª,1979,38,NULL,NULL,NULL
Barakaldo,17,47,12,11,13,43,48,2ª,1979,38,NULL,NULL,NULL
Sabadell,18,42,10,12,14,45,50,2ª,1979,38,NULL,NULL,NULL
Terrassa,19,37,9,10,16,35,45,2ª,1979,38,NULL,NULL,NULL
Ferrol,20,37,10,7,27,22,80,2ª,1979,38,NULL,NULL,NULL
Real Madrid,1,72,21,9,8,45,29,1ª,1980,34,NULL,NULL,1
Betis,2,65,17,14,13,29,36,1ª,1980,34,NULL,NULL,1
Barcelona,3,64,18,10,6,41,21,1ª,1980,34,NULL,NULL,1
Sevilla,4,60,16,12,10,45,29,1ª,1980,34,NULL,NULL,1
At. Madrid,5,59,17,8,6,49,29,1ª,1980,34,NULL,NULL,1
Ath. Bilbao,6,54,15,9,13,41,38,1ª,1980,34,NULL,NULL,NULL
Real Sociedad,7,53,15,8,13,37,39,1ª,1980,34,NULL,NULL,NULL
Valencia,8,52,14,10,12,37,33,1ª,1980,34,NULL,NULL,NULL
Las Palmas,9,48,13,9,14,38,44,1ª,1980,34,NULL,NULL,NULL
Salamanca,10,47,13,8,10,53,39,1ª,1980,34,NULL,NULL,NULL
Espanyol,11,44,11,11,7,48,27,1ª,1980,34,NULL,NULL,NULL
Almería (A.D.),12,44,13,5,17,62,44,1ª,1980,34,NULL,NULL,NULL
Zaragoza,13,44,10,14,10,36,36,1ª,1980,34,NULL,NULL,NULL
Sporting Gijón,14,40,11,7,16,32,37,1ª,1980,34,NULL,NULL,NULL
Málaga (C.D.),15,38,9,11,12,33,29,1ª,1980,34,NULL,NULL,NULL
Hércules,16,37,10,7,15,42,39,1ª,1980,34,NULL,NULL,NULL
Rayo Vallecano,17,37,10,7,16,58,50,1ª,1980,34,NULL,1,NULL
Burgos,18,24,5,9,19,36,63,1ª,1980,34,NULL,1,NULL
Murcia,1,72,20,12,8,61,26,2ª,1980,38,1,NULL,NULL
Cádiz,2,65,18,11,13,51,45,2ª,1980,38,1,NULL,NULL
Osasuna,3,65,19,8,17,32,49,2ª,1980,38,1,NULL,NULL
Elche,4,61,17,10,8,48,28,2ª,1980,38,NULL,NULL,NULL
Valladolid,5,60,16,12,11,42,32,2ª,1980,38,NULL,NULL,NULL
Celta,6,60,17,9,15,30,37,2ª,1980,38,NULL,NULL,NULL
Castellón,7,57,16,9,12,44,38,2ª,1980,38,NULL,NULL,NULL
Oviedo,8,57,15,12,13,33,44,2ª,1980,38,NULL,NULL,NULL
Dptivo. Coruña,9,55,14,13,14,22,44,2ª,1980,38,NULL,NULL,NULL
Real Madrid B,10,54,16,6,14,55,45,2ª,1980,38,NULL,NULL,NULL
Rac. Santander,11,53,15,8,12,41,37,2ª,1980,38,NULL,NULL,NULL
Sabadell,12,51,13,12,14,45,50,2ª,1980,38,NULL,NULL,NULL
Levante,13,49,14,7,21,37,48,2ª,1980,38,NULL,NULL,NULL
Palencia,14,47,11,14,13,49,49,2ª,1980,38,NULL,NULL,NULL
Getafe,15,47,12,11,15,37,48,2ª,1980,38,NULL,NULL,NULL
Granada,16,44,11,11,14,25,32,2ª,1980,38,NULL,NULL,NULL
Rec. Huelva,17,44,11,11,15,39,43,2ª,1980,38,NULL,NULL,NULL
Alavés,18,40,11,7,18,35,45,2ª,1980,38,NULL,NULL,NULL
Gimn. Tarragona,19,36,9,9,17,35,48,2ª,1980,38,NULL,NULL,NULL
Algeciras,20,29,7,8,17,40,53,2ª,1980,38,NULL,NULL,NULL
Real Madrid,1,72,21,9,8,45,29,1ª,1981,34,NULL,NULL,1
At. Madrid,2,68,20,8,6,49,29,1ª,1981,34,NULL,NULL,1
Barcelona,3,67,19,10,6,41,21,1ª,1981,34,NULL,NULL,1
Betis,4,62,16,14,13,29,36,1ª,1981,34,NULL,NULL,1
Sevilla,5,57,15,12,10,45,29,1ª,1981,34,NULL,NULL,1
Valencia,6,55,15,10,12,37,33,1ª,1981,34,NULL,NULL,NULL
Espanyol,7,53,14,11,7,48,27,1ª,1981,34,NULL,NULL,NULL
Real Sociedad,8,53,15,8,13,37,39,1ª,1981,34,NULL,NULL,NULL
Valladolid,9,51,13,12,11,42,32,1ª,1981,34,NULL,NULL,NULL
Osasuna,10,47,13,8,17,32,49,1ª,1981,34,NULL,NULL,NULL
Sporting Gijón,11,46,13,7,16,32,37,1ª,1981,34,NULL,NULL,NULL
Murcia,12,45,11,12,8,61,26,1ª,1981,34,NULL,NULL,NULL
Ath. Bilbao,13,42,11,9,13,41,38,1ª,1981,34,NULL,NULL,NULL
Salamanca,14,41,11,8,10,53,39,1ª,1981,34,NULL,NULL,NULL
Zaragoza,15,35,7,14,10,36,36,1ª,1981,34,NULL,NULL,NULL
Almería (A.D.),16,35,10,5,17,62,44,1ª,1981,34,NULL,NULL,NULL
Hércules,17,34,9,7,15,42,39,1ª,1981,34,NULL,1,NULL
Las Palmas,18,33,8,9,14,38,44,1ª,1981,34,NULL,1,NULL
Cádiz,1,65,18,11,13,51,45,2ª,1981,38,1,NULL,NULL
Rac. Santander,2,62,18,8,12,41,37,2ª,1981,38,1,NULL,NULL
Elche,3,61,17,10,8,48,28,2ª,1981,38,1,NULL,NULL
Castellón,4,54,15,9,12,44,38,2ª,1981,38,NULL,NULL,NULL
Barakaldo,5,53,14,11,13,43,48,2ª,1981,38,NULL,NULL,NULL
Palencia,6,53,13,14,13,49,49,2ª,1981,38,NULL,NULL,NULL
Rayo Vallecano,7,52,15,7,16,58,50,2ª,1981,38,NULL,NULL,NULL
Real Madrid B,8,51,15,6,14,55,45,2ª,1981,38,NULL,NULL,NULL
Rec. Huelva,9,50,13,11,15,39,43,2ª,1981,38,NULL,NULL,NULL
At. Madrid B,10,48,13,9,16,44,55,2ª,1981,38,NULL,NULL,NULL
Alavés,11,46,13,7,18,35,45,2ª,1981,38,NULL,NULL,NULL
Linares,12,45,12,9,21,29,59,2ª,1981,38,NULL,NULL,NULL
Sabadell,13,45,11,12,14,45,50,2ª,1981,38,NULL,NULL,NULL
Levante,14,43,12,7,21,37,48,2ª,1981,38,NULL,NULL,NULL
Oviedo,15,42,10,12,13,33,44,2ª,1981,38,NULL,NULL,NULL
Getafe,16,41,10,11,15,37,48,2ª,1981,38,NULL,NULL,NULL
Granada,17,41,10,11,14,25,32,2ª,1981,38,NULL,NULL,NULL
Málaga (C.D.),18,41,10,11,12,33,29,2ª,1981,38,NULL,NULL,NULL
Burgos,19,39,10,9,19,36,63,2ª,1981,38,NULL,NULL,NULL
At. Madrid,1,71,21,8,6,49,29,1ª,1982,34,NULL,NULL,1
Barcelona,2,70,20,10,6,41,21,1ª,1982,34,NULL,NULL,1
Betis,3,68,18,14,13,29,36,1ª,1982,34,NULL,NULL,1
Real Madrid,4,66,19,9,8,45,29,1ª,1982,34,NULL,NULL,1
Valencia,5,64,18,10,12,37,33,1ª,1982,34,NULL,NULL,1
Valladolid,6,63,17,12,11,42,32,1ª,1982,34,NULL,NULL,NULL
Real Sociedad,7,59,17,8,13,37,39,1ª,1982,34,NULL,NULL,NULL
Cádiz,8,59,16,11,13,51,45,1ª,1982,34,NULL,NULL,NULL
Rac. Santander,9,56,16,8,12,41,37,1ª,1982,34,NULL,NULL,NULL
Ath. Bilbao,10,54,15,9,13,41,38,1ª,1982,34,NULL,NULL,NULL
Espanyol,11,53,14,11,7,48,27,1ª,1982,34,NULL,NULL,NULL
Sevilla,12,51,13,12,10,45,29,1ª,1982,34,NULL,NULL,NULL
Osasuna,13,44,12,8,17,32,49,1ª,1982,34,NULL,NULL,NULL
Las Palmas,14,42,11,9,14,38,44,1ª,1982,34,NULL,NULL,NULL
Zaragoza,15,41,9,14,10,36,36,1ª,1982,34,NULL,NULL,NULL
Hércules,16,37,10,7,15,42,39,1ª,1982,34,NULL,NULL,NULL
Sporting Gijón,17,37,10,7,16,32,37,1ª,1982,34,NULL,1,NULL
Castellón,18,21,4,9,12,44,38,1ª,1982,34,NULL,1,NULL
Celta,1,72,21,9,15,30,37,2ª,1982,38,1,NULL,NULL
Salamanca,2,68,20,8,10,53,39,2ª,1982,38,1,NULL,NULL
Murcia,3,66,18,12,8,61,26,2ª,1982,38,1,NULL,NULL
Elche,4,64,18,10,8,48,28,2ª,1982,38,NULL,NULL,NULL
Mallorca,5,60,17,9,14,37,33,2ª,1982,38,NULL,NULL,NULL
Málaga (C.D.),6,56,15,11,12,33,29,2ª,1982,38,NULL,NULL,NULL
Rec. Huelva,7,50,13,11,15,39,43,2ª,1982,38,NULL,NULL,NULL
Rayo Vallecano,8,49,14,7,16,58,50,2ª,1982,38,NULL,NULL,NULL
Real Madrid B,9,48,14,6,14,55,45,2ª,1982,38,NULL,NULL,NULL
Dptivo. Coruña,10,46,11,13,14,22,44,2ª,1982,38,NULL,NULL,NULL
Sabadell,11,45,11,12,14,45,50,2ª,1982,38,NULL,NULL,NULL
Burgos,12,45,12,9,19,36,63,2ª,1982,38,NULL,NULL,NULL
Alavés,13,43,12,7,18,35,45,2ª,1982,38,NULL,NULL,NULL
At. Madrid B,14,42,11,9,16,44,55,2ª,1982,38,NULL,NULL,NULL
Oviedo,15,39,9,12,13,33,44,2ª,1982,38,NULL,NULL,NULL
Córdoba,16,39,10,9,16,45,46,2ª,1982,38,NULL,NULL,NULL
Linares,17,33,8,9,21,29,59,2ª,1982,38,NULL,NULL,NULL
Almería (A.D.),18,32,9,5,17,62,44,2ª,1982,38,NULL,NULL,NULL
Levante,19,31,8,7,21,37,48,2ª,1982,38,NULL,NULL,NULL
Getafe,20,29,6,11,15,37,48,2ª,1982,38,NULL,NULL,NULL
Real Madrid,1,72,21,9,8,45,29,1ª,1983,34,NULL,NULL,1
At. Madrid,2,71,21,8,6,49,29,1ª,1983,34,NULL,NULL,1
Barcelona,3,61,17,10,6,41,21,1ª,1983,34,NULL,NULL,1
Ath. Bilbao,4,57,16,9,13,41,38,1ª,1983,34,NULL,NULL,1
Espanyol,5,56,15,11,7,48,27,1ª,1983,34,NULL,NULL,1
Sevilla,6,54,14,12,10,45,29,1ª,1983,34,NULL,NULL,NULL
Valladolid,7,54,14,12,11,42,32,1ª,1983,34,NULL,NULL,NULL
Zaragoza,8,53,13,14,10,36,36,1ª,1983,34,NULL,NULL,NULL
Betis,9,53,13,14,13,29,36,1ª,1983,34,NULL,NULL,NULL
Celta,10,48,13,9,15,30,37,1ª,1983,34,NULL,NULL,NULL
Salamanca,11,47,13,8,10,53,39,1ª,1983,34,NULL,NULL,NULL
Rac. Santander,12,47,13,8,12,41,37,1ª,1983,34,NULL,NULL,NULL
Valencia,13,46,12,10,12,37,33,1ª,1983,34,NULL,NULL,NULL
Real Sociedad,14,44,12,8,13,37,39,1ª,1983,34,NULL,NULL,NULL
Osasuna,15,44,12,8,17,32,49,1ª,1983,34,NULL,NULL,NULL
Málaga (C.D.),16,44,11,11,12,33,29,1ª,1983,34,NULL,NULL,NULL
Las Palmas,17,36,9,9,14,38,44,1ª,1983,34,NULL,1,NULL
Sporting Gijón,18,31,8,7,16,32,37,1ª,1983,34,NULL,1,NULL
Murcia,1,75,21,12,8,61,26,2ª,1983,38,1,NULL,NULL
Dptivo. Coruña,2,64,17,13,14,22,44,2ª,1983,38,1,NULL,NULL
Elche,3,64,18,10,8,48,28,2ª,1983,38,1,NULL,NULL
Cádiz,4,59,16,11,13,51,45,2ª,1983,38,NULL,NULL,NULL
Mallorca,5,57,16,9,14,37,33,2ª,1983,38,NULL,NULL,NULL
Palencia,6,56,14,14,13,49,49,2ª,1983,38,NULL,NULL,NULL
Rayo Vallecano,7,55,16,7,16,58,50,2ª,1983,38,NULL,NULL,NULL
Real Madrid B,8,51,15,6,14,55,45,2ª,1983,38,NULL,NULL,NULL
Oviedo,9,48,12,12,13,33,44,2ª,1983,38,NULL,NULL,NULL
Barcelona B,10,45,11,12,13,46,52,2ª,1983,38,NULL,NULL,NULL
Cartagena F.C.,11,44,10,14,14,40,46,2ª,1983,38,NULL,NULL,NULL
Rec. Huelva,12,44,11,11,15,39,43,2ª,1983,38,NULL,NULL,NULL
Hércules,13,43,12,7,15,42,39,2ª,1983,38,NULL,NULL,NULL
Linares,14,39,10,9,21,29,59,2ª,1983,38,NULL,NULL,NULL
Castellón,15,39,10,9,12,44,38,2ª,1983,38,NULL,NULL,NULL
Sabadell,16,39,9,12,14,45,50,2ª,1983,38,NULL,NULL,NULL
Xerez,17,34,9,7,22,36,56,2ª,1983,38,NULL,NULL,NULL
At. Madrid B,18,33,8,9,16,44,55,2ª,1983,38,NULL,NULL,NULL
Alavés,19,31,8,7,18,35,45,2ª,1983,38,NULL,NULL,NULL
Córdoba,20,27,6,9,16,45,46,2ª,1983,38,NULL,NULL,NULL
Betis,1,77,21,14,13,29,36,1ª,1984,34,NULL,NULL,1
At. Madrid,2,71,21,8,6,49,29,1ª,1984,34,NULL,NULL,1
Real Madrid,3,66,19,9,8,45,29,1ª,1984,34,NULL,NULL,1
Barcelona,4,64,18,10,6,41,21,1ª,1984,34,NULL,NULL,1
Murcia,5,57,15,12,8,61,26,1ª,1984,34,NULL,NULL,1
Sevilla,6,57,15,12,10,45,29,1ª,1984,34,NULL,NULL,NULL
Valladolid,7,57,15,12,11,42,32,1ª,1984,34,NULL,NULL,NULL
Ath. Bilbao,8,54,15,9,13,41,38,1ª,1984,34,NULL,NULL,NULL
Málaga (C.D.),9,47,12,11,12,33,29,1ª,1984,34,NULL,NULL,NULL
Real Sociedad,10,47,13,8,13,37,39,1ª,1984,34,NULL,NULL,NULL
Espanyol,11,47,12,11,7,48,27,1ª,1984,34,NULL,NULL,NULL
Zaragoza,12,41,9,14,10,36,36,1ª,1984,34,NULL,NULL,NULL
Osasuna,13,41,11,8,17,32,49,1ª,1984,34,NULL,NULL,NULL
Valencia,14,40,10,10,12,37,33,1ª,1984,34,NULL,NULL,NULL
Cádiz,15,38,9,11,13,51,45,1ª,1984,34,NULL,NULL,NULL
Salamanca,16,35,9,8,10,53,39,1ª,1984,34,NULL,NULL,NULL
Sporting Gijón,17,31,8,7,16,32,37,1ª,1984,34,NULL,1,NULL
Mallorca,18,30,7,9,14,37,33,1ª,1984,34,NULL,1,NULL
Ath. Bilbao B,1,70,20,10,13,61,39,2ª,1984,38,1,NULL,NULL
Elche,2,64,18,10,8,48,28,2ª,1984,38,1,NULL,NULL
Celta,3,60,17,9,15,30,37,2ª,1984,38,1,NULL,NULL
Real Madrid B,4,60,18,6,14,55,45,2ª,1984,38,NULL,NULL,NULL
Rac. Santander,5,59,17,8,12,41,37,2ª,1984,38,NULL,NULL,NULL
Barcelona B,6,54,14,12,13,46,52,2ª,1984,38,NULL,NULL,NULL
Hércules,7,49,14,7,15,42,39,2ª,1984,38,NULL,NULL,NULL
Dptivo. Coruña,8,49,12,13,14,22,44,2ª,1984,38,NULL,NULL,NULL
Oviedo,9,48,12,12,13,33,44,2ª,1984,38,NULL,NULL,NULL
Linares,10,48,13,9,21,29,59,2ª,1984,38,NULL,NULL,NULL
Granada,11,47,12,11,14,25,32,2ª,1984,38,NULL,NULL,NULL
Rec. Huelva,12,47,12,11,15,39,43,2ª,1984,38,NULL,NULL,NULL
At. Madrid B,13,45,12,9,16,44,55,2ª,1984,38,NULL,NULL,NULL
Castellón,14,45,12,9,12,44,38,2ª,1984,38,NULL,NULL,NULL
Tenerife,15,42,11,9,16,36,38,2ª,1984,38,NULL,NULL,NULL
Las Palmas,16,42,11,9,14,38,44,2ª,1984,38,NULL,NULL,NULL
Cartagena F.C.,17,41,9,14,14,40,46,2ª,1984,38,NULL,NULL,NULL
Palencia,18,38,8,14,13,49,49,2ª,1984,38,NULL,NULL,NULL
Algeciras,19,35,9,8,17,40,53,2ª,1984,38,NULL,NULL,NULL
Rayo Vallecano,20,31,8,7,16,58,50,2ª,1984,38,NULL,NULL,NULL
Barcelona,1,67,19,10,6,41,21,1ª,1985,34,NULL,NULL,1
At. Madrid,2,62,18,8,6,49,29,1ª,1985,34,NULL,NULL,1
Real Madrid,3,51,14,9,8,45,29,1ª,1985,34,NULL,NULL,1
Rac. Santander,4,50,14,8,12,41,37,1ª,1985,34,NULL,NULL,1
Espanyol,5,50,13,11,7,48,27,1ª,1985,34,NULL,NULL,1
Betis,6,50,12,14,13,29,36,1ª,1985,34,NULL,NULL,NULL
Murcia,7,45,11,12,8,61,26,1ª,1985,34,NULL,NULL,NULL
Osasuna,8,41,11,8,17,32,49,1ª,1985,34,NULL,NULL,NULL
Elche,9,40,10,10,8,48,28,1ª,1985,34,NULL,NULL,NULL
Valladolid,10,39,9,12,11,42,32,1ª,1985,34,NULL,NULL,NULL
Sevilla,11,39,9,12,10,45,29,1ª,1985,34,NULL,NULL,NULL
Ath. Bilbao,12,39,10,9,13,41,38,1ª,1985,34,NULL,NULL,NULL
Sporting Gijón,13,37,10,7,16,32,37,1ª,1985,34,NULL,NULL,NULL
Real Sociedad,14,35,9,8,13,37,39,1ª,1985,34,NULL,NULL,NULL
Valencia,15,34,8,10,12,37,33,1ª,1985,34,NULL,NULL,NULL
Hércules,16,34,9,7,15,42,39,1ª,1985,34,NULL,NULL,NULL
Zaragoza,17,32,6,14,10,36,36,1ª,1985,34,NULL,1,NULL
Málaga (C.D.),18,32,7,11,12,33,29,1ª,1985,34,NULL,1,NULL
Celta,1,72,21,9,15,30,37,2ª,1985,38,1,NULL,NULL
Mallorca,2,63,18,9,14,37,33,2ª,1985,38,1,NULL,NULL
Cádiz,3,62,17,11,13,51,45,2ª,1985,38,1,NULL,NULL
Ath. Bilbao B,4,61,17,10,13,61,39,2ª,1985,38,NULL,NULL,NULL
Las Palmas,5,60,17,9,14,38,44,2ª,1985,38,NULL,NULL,NULL
Logroñés,6,56,14,14,16,40,48,2ª,1985,38,NULL,NULL,NULL
Salamanca,7,53,15,8,10,53,39,2ª,1985,38,NULL,NULL,NULL
Rec. Huelva,8,53,14,11,15,39,43,2ª,1985,38,NULL,NULL,NULL
Dptivo. Coruña,9,52,13,13,14,22,44,2ª,1985,38,NULL,NULL,NULL
At. Madrid B,10,51,14,9,16,44,55,2ª,1985,38,NULL,NULL,NULL
Real Madrid B,11,51,15,6,14,55,45,2ª,1985,38,NULL,NULL,NULL
Sabadell,12,51,13,12,14,45,50,2ª,1985,38,NULL,NULL,NULL
Cartagena F.C.,13,50,12,14,14,40,46,2ª,1985,38,NULL,NULL,NULL
Barcelona B,14,48,12,12,13,46,52,2ª,1985,38,NULL,NULL,NULL
Castellón,15,48,13,9,12,44,38,2ª,1985,38,NULL,NULL,NULL
Tenerife,16,48,13,9,16,36,38,2ª,1985,38,NULL,NULL,NULL
Granada,17,44,11,11,14,25,32,2ª,1985,38,NULL,NULL,NULL
Oviedo,18,42,10,12,13,33,44,2ª,1985,38,NULL,NULL,NULL
Calvo Sotelo,19,40,10,10,15,42,51,2ª,1985,38,NULL,NULL,NULL
Lorca,20,39,10,9,19,23,59,2ª,1985,38,NULL,NULL,NULL
Real Madrid,1,78,23,9,8,45,29,1ª,1986,34,NULL,NULL,1
At. Madrid,2,74,22,8,6,49,29,1ª,1986,34,NULL,NULL,1
Valladolid,3,63,17,12,11,42,32,1ª,1986,34,NULL,NULL,1
Barcelona,4,61,17,10,6,41,21,1ª,1986,34,NULL,NULL,1
Espanyol,5,56,15,11,7,48,27,1ª,1986,34,NULL,NULL,1
Betis,6,53,13,14,13,29,36,1ª,1986,34,NULL,NULL,NULL
Real Sociedad,7,50,14,8,13,37,39,1ª,1986,34,NULL,NULL,NULL
Cádiz,8,47,12,11,13,51,45,1ª,1986,34,NULL,NULL,NULL
Sevilla,9,45,11,12,10,45,29,1ª,1986,34,NULL,NULL,NULL
Ath. Bilbao,10,45,12,9,13,41,38,1ª,1986,34,NULL,NULL,NULL
Zaragoza,11,44,10,14,10,36,36,1ª,1986,34,NULL,NULL,NULL
Rac. Santander,12,44,12,8,12,41,37,1ª,1986,34,NULL,NULL,NULL
Celta,13,42,11,9,15,30,37,1ª,1986,34,NULL,NULL,NULL
Las Palmas,14,39,10,9,14,38,44,1ª,1986,34,NULL,NULL,NULL
Valencia,15,37,9,10,12,37,33,1ª,1986,34,NULL,NULL,NULL
Hércules,16,37,10,7,15,42,39,1ª,1986,34,NULL,NULL,NULL
Osasuna,17,35,9,8,17,32,49,1ª,1986,34,NULL,1,NULL
Sporting Gijón,18,34,9,7,16,32,37,1ª,1986,34,NULL,1,NULL
Ath. Bilbao B,1,79,23,10,13,61,39,2ª,1986,38,1,NULL,NULL
Murcia,2,72,20,12,8,61,26,2ª,1986,38,1,NULL,NULL
Mallorca,3,69,20,9,14,37,33,2ª,1986,38,1,NULL,NULL
Elche,4,64,18,10,8,48,28,2ª,1986,38,NULL,NULL,NULL
Rec. Huelva,5,62,17,11,15,39,43,2ª,1986,38,NULL,NULL,NULL
Oviedo,6,57,15,12,13,33,44,2ª,1986,38,NULL,NULL,NULL
Sestao,7,55,16,7,15,49,45,2ª,1986,38,NULL,NULL,NULL
Dptivo. Coruña,8,55,14,13,14,22,44,2ª,1986,38,NULL,NULL,NULL
Castellón,9,51,14,9,12,44,38,2ª,1986,38,NULL,NULL,NULL
Barcelona B,10,51,13,12,13,46,52,2ª,1986,38,NULL,NULL,NULL
Real Madrid B,11,51,15,6,14,55,45,2ª,1986,38,NULL,NULL,NULL
Sabadell,12,48,12,12,14,45,50,2ª,1986,38,NULL,NULL,NULL
Rayo Vallecano,13,46,13,7,16,58,50,2ª,1986,38,NULL,NULL,NULL
Logroñés,14,44,10,14,16,40,48,2ª,1986,38,NULL,NULL,NULL
Albacete,15,43,12,7,19,35,62,2ª,1986,38,NULL,NULL,NULL
Málaga (C.D.),16,41,10,11,12,33,29,2ª,1986,38,NULL,NULL,NULL
Cartagena F.C.,17,38,8,14,14,40,46,2ª,1986,38,NULL,NULL,NULL
Zaragoza B,18,37,9,10,19,35,55,2ª,1986,38,NULL,NULL,NULL
Tenerife,19,36,9,9,16,36,38,2ª,1986,38,NULL,NULL,NULL
At. Madrid B,20,33,8,9,16,44,55,2ª,1986,38,NULL,NULL,NULL
Barcelona,1,85,25,10,6,41,21,1ª,1987,44,NULL,NULL,1
Murcia,2,78,22,12,8,61,26,1ª,1987,44,NULL,NULL,1
Betis,3,77,21,14,13,29,36,1ª,1987,44,NULL,NULL,1
Real Madrid,4,75,22,9,8,45,29,1ª,1987,44,NULL,NULL,1
At. Madrid,5,74,22,8,6,49,29,1ª,1987,44,NULL,NULL,1
Espanyol,6,71,20,11,7,48,27,1ª,1987,44,NULL,NULL,NULL
Valladolid,7,63,17,12,11,42,32,1ª,1987,44,NULL,NULL,NULL
Mallorca,8,60,17,9,14,37,33,1ª,1987,44,NULL,NULL,NULL
Real Sociedad,9,56,16,8,13,37,39,1ª,1987,44,NULL,NULL,NULL
Rac. Santander,10,53,15,8,12,41,37,1ª,1987,44,NULL,NULL,NULL
Sevilla,11,51,13,12,10,45,29,1ª,1987,44,NULL,NULL,NULL
Zaragoza,12,50,12,14,10,36,36,1ª,1987,44,NULL,NULL,NULL
Cádiz,13,50,13,11,13,51,45,1ª,1987,44,NULL,NULL,NULL
Las Palmas,14,48,13,9,14,38,44,1ª,1987,44,NULL,NULL,NULL
Ath. Bilbao,15,48,13,9,13,41,38,1ª,1987,44,NULL,NULL,NULL
Osasuna,16,47,13,8,17,32,49,1ª,1987,44,NULL,NULL,NULL
Sporting Gijón,17,46,13,7,16,32,37,1ª,1987,44,NULL,1,NULL
Sabadell,18,45,11,12,14,45,50,1ª,1987,44,NULL,1,NULL
Celta,1,84,25,9,15,30,37,2ª,1987,44,1,NULL,NULL
Rec. Huelva,2,74,21,11,15,39,43,2ª,1987,44,1,NULL,NULL
Valencia,3,73,21,10,12,37,33,2ª,1987,44,1,NULL,NULL
Logroñés,4,68,18,14,16,40,48,2ª,1987,44,NULL,NULL,NULL
Sestao,5,64,19,7,15,49,45,2ª,1987,44,NULL,NULL,NULL
Barcelona B,6,60,16,12,13,46,52,2ª,1987,44,NULL,NULL,NULL
Dptivo. Coruña,7,58,15,13,14,22,44,2ª,1987,44,NULL,NULL,NULL
Ath. Bilbao B,8,58,16,10,13,61,39,2ª,1987,44,NULL,NULL,NULL
Figueres,9,57,15,12,17,59,53,2ª,1987,44,NULL,NULL,NULL
Elche,10,55,15,10,8,48,28,2ª,1987,44,NULL,NULL,NULL
Cartagena F.C.,11,53,13,14,14,40,46,2ª,1987,44,NULL,NULL,NULL
Castellón,12,51,14,9,12,44,38,2ª,1987,44,NULL,NULL,NULL
Oviedo,13,51,13,12,13,33,44,2ª,1987,44,NULL,NULL,NULL
Hércules,14,49,14,7,15,42,39,2ª,1987,44,NULL,NULL,NULL
Málaga (C.D.),15,47,12,11,12,33,29,2ª,1987,44,NULL,NULL,NULL
Rayo Vallecano,16,46,13,7,16,58,50,2ª,1987,44,NULL,NULL,NULL
Real Madrid B,17,42,12,6,14,55,45,2ª,1987,44,NULL,NULL,NULL
Xerez,18,25,6,7,22,36,56,2ª,1987,44,NULL,NULL,NULL
Osasuna,19,17,3,8,17,32,49,Descenso a 2ª,1987,0,NULL,1,NULL
Real Madrid,1,81,24,9,8,45,29,1ª,1988,38,NULL,NULL,1
At. Madrid,2,74,22,8,6,49,29,1ª,1988,38,NULL,NULL,1
Betis,3,65,17,14,13,29,36,1ª,1988,38,NULL,NULL,1
Celta,4,60,17,9,15,30,37,1ª,1988,38,NULL,NULL,1
Valladolid,5,57,15,12,11,42,32,1ª,1988,38,NULL,NULL,1
Barcelona,6,55,15,10,6,41,21,1ª,1988,38,NULL,NULL,NULL
Real Sociedad,7,53,15,8,13,37,39,1ª,1988,38,NULL,NULL,NULL
Ath. Bilbao,8,48,13,9,13,41,38,1ª,1988,38,NULL,NULL,NULL
Murcia,9,48,12,12,8,61,26,1ª,1988,38,NULL,NULL,NULL
Mallorca,10,48,13,9,14,37,33,1ª,1988,38,NULL,NULL,NULL
Osasuna,11,47,13,8,17,32,49,1ª,1988,38,NULL,NULL,NULL
Espanyol,12,47,12,11,7,48,27,1ª,1988,38,NULL,NULL,NULL
Cádiz,13,47,12,11,13,51,45,1ª,1988,38,NULL,NULL,NULL
Logroñés,14,44,10,14,16,40,48,1ª,1988,38,NULL,NULL,NULL
Valencia,15,43,11,10,12,37,33,1ª,1988,38,NULL,NULL,NULL
Sporting Gijón,16,43,12,7,16,32,37,1ª,1988,38,NULL,NULL,NULL
Las Palmas,17,42,11,9,14,38,44,1ª,1988,38,NULL,NULL,NULL
Sevilla,18,42,10,12,10,45,29,1ª,1988,38,NULL,NULL,NULL
Zaragoza,19,41,9,14,10,36,36,1ª,1988,38,NULL,1,NULL
Sabadell,20,36,8,12,14,45,50,1ª,1988,38,NULL,1,NULL
Elche,1,67,19,10,8,48,28,2ª,1988,38,1,NULL,NULL
Figueres,2,60,16,12,17,59,53,2ª,1988,38,1,NULL,NULL
Ath. Bilbao B,3,58,16,10,13,61,39,2ª,1988,38,1,NULL,NULL
Lleida,4,57,15,12,11,53,37,2ª,1988,38,NULL,NULL,NULL
Oviedo,5,57,15,12,13,33,44,2ª,1988,38,NULL,NULL,NULL
Málaga (C.D.),6,56,15,11,12,33,29,2ª,1988,38,NULL,NULL,NULL
Rayo Vallecano,7,52,15,7,16,58,50,2ª,1988,38,NULL,NULL,NULL
Rac. Santander,8,50,14,8,12,41,37,2ª,1988,38,NULL,NULL,NULL
Barcelona B,9,48,12,12,13,46,52,2ª,1988,38,NULL,NULL,NULL
Hércules,10,46,13,7,15,42,39,2ª,1988,38,NULL,NULL,NULL
Xerez,11,46,13,7,22,36,56,2ª,1988,38,NULL,NULL,NULL
Tenerife,12,45,12,9,16,36,38,2ª,1988,38,NULL,NULL,NULL
Castellón,13,45,12,9,12,44,38,2ª,1988,38,NULL,NULL,NULL
Burgos (Real),14,45,11,12,15,34,50,2ª,1988,38,NULL,NULL,NULL
Real Madrid B,15,45,13,6,14,55,45,2ª,1988,38,NULL,NULL,NULL
Rec. Huelva,16,44,11,11,15,39,43,2ª,1988,38,NULL,NULL,NULL
Sestao,17,43,12,7,15,49,45,2ª,1988,38,NULL,NULL,NULL
Cartagena F.C.,18,41,9,14,14,40,46,2ª,1988,38,NULL,NULL,NULL
Dptivo. Coruña,19,37,8,13,14,22,44,2ª,1988,38,NULL,NULL,NULL
Granada,20,32,7,11,14,25,32,2ª,1988,38,NULL,NULL,NULL
Murcia,21,33,7,12,8,61,26,Promoción 1ª/2ª,1988,0,1,NULL,NULL
Oviedo,22,21,3,12,13,33,44,Promoción 1ª/2ª,1988,0,1,NULL,NULL
Real Madrid,1,75,22,9,8,45,29,1ª,1989,38,NULL,NULL,1
At. Madrid,2,74,22,8,6,49,29,1ª,1989,38,NULL,NULL,1
Barcelona,3,73,21,10,6,41,21,1ª,1989,38,NULL,NULL,1
Valladolid,4,66,18,12,11,42,32,1ª,1989,38,NULL,NULL,1
Celta,5,54,15,9,15,30,37,1ª,1989,38,NULL,NULL,1
Betis,6,53,13,14,13,29,36,1ª,1989,38,NULL,NULL,NULL
Valencia,7,52,14,10,12,37,33,1ª,1989,38,NULL,NULL,NULL
Sevilla,8,48,12,12,10,45,29,1ª,1989,38,NULL,NULL,NULL
Murcia,9,45,11,12,8,61,26,1ª,1989,38,NULL,NULL,NULL
Ath. Bilbao,10,45,12,9,13,41,38,1ª,1989,38,NULL,NULL,NULL
Zaragoza,11,44,10,14,10,36,36,1ª,1989,38,NULL,NULL,NULL
Oviedo,12,42,10,12,13,33,44,1ª,1989,38,NULL,NULL,NULL
Osasuna,13,41,11,8,17,32,49,1ª,1989,38,NULL,NULL,NULL
Real Sociedad,14,41,11,8,13,37,39,1ª,1989,38,NULL,NULL,NULL
Espanyol,15,38,9,11,7,48,27,1ª,1989,38,NULL,NULL,NULL
Logroñés,16,35,7,14,16,40,48,1ª,1989,38,NULL,NULL,NULL
Málaga (C.D.),17,35,8,11,12,33,29,1ª,1989,38,NULL,NULL,NULL
Sporting Gijón,18,34,9,7,16,32,37,1ª,1989,38,NULL,NULL,NULL
Elche,19,34,8,10,8,48,28,1ª,1989,38,NULL,1,NULL
Cádiz,1,32,7,11,13,51,45,1ª,1989,38,NULL,1,NULL
Mallorca,2,60,17,9,14,37,33,2ª,1989,38,1,NULL,NULL
Tenerife,3,57,16,9,16,36,38,2ª,1989,38,1,NULL,NULL
Rac. Santander,4,56,16,8,12,41,37,2ª,1989,38,1,NULL,NULL
Figueres,5,54,14,12,17,59,53,2ª,1989,38,NULL,NULL,NULL
Castellón,6,54,15,9,12,44,38,2ª,1989,38,NULL,NULL,NULL
Sestao,7,52,15,7,15,49,45,2ª,1989,38,NULL,NULL,NULL
Rec. Huelva,8,50,13,11,15,39,43,2ª,1989,38,NULL,NULL,NULL
Real Madrid B,9,48,14,6,14,55,45,2ª,1989,38,NULL,NULL,NULL
Sabadell,10,48,12,12,14,45,50,2ª,1989,38,NULL,NULL,NULL
Lleida,11,45,11,12,11,53,37,2ª,1989,38,NULL,NULL,NULL
Salamanca,12,44,12,8,10,53,39,2ª,1989,38,NULL,NULL,NULL
Rayo Vallecano,13,43,12,7,16,58,50,2ª,1989,38,NULL,NULL,NULL
Éibar,14,42,8,18,12,36,42,2ª,1989,38,NULL,NULL,NULL
Burgos (Real),15,42,10,12,15,34,50,2ª,1989,38,NULL,NULL,NULL
Las Palmas,16,42,11,9,14,38,44,2ª,1989,38,NULL,NULL,NULL
Dptivo. Coruña,17,40,9,13,14,22,44,2ª,1989,38,NULL,NULL,NULL
Barcelona B,18,39,9,12,13,46,52,2ª,1989,38,NULL,NULL,NULL
Xerez,19,37,10,7,22,36,56,2ª,1989,38,NULL,NULL,NULL
Alzira,20,35,9,8,21,29,58,2ª,1989,38,NULL,NULL,NULL
Mollerussa,21,14,3,5,30,19,75,2ª,1989,38,NULL,NULL,NULL
Betis,22,35,7,14,13,29,36,Promoción 1ª/2ª,1989,0,1,NULL,NULL
Mallorca,23,27,6,9,14,37,33,Promoción 1ª/2ª,1989,0,1,NULL,NULL
Espanyol,24,26,5,11,7,48,27,Promoción 1ª/2ª,1989,0,1,NULL,NULL
Tenerife,25,21,4,9,16,36,38,Promoción 1ª/2ª,1989,0,1,NULL,NULL
Real Madrid,1,78,23,9,8,45,29,1ª,1990,38,NULL,NULL,1
At. Madrid,2,77,23,8,6,49,29,1ª,1990,38,NULL,NULL,1
Barcelona,3,70,20,10,6,41,21,1ª,1990,38,NULL,NULL,1
Valencia,4,61,17,10,12,37,33,1ª,1990,38,NULL,NULL,1
Sevilla,5,57,15,12,10,45,29,1ª,1990,38,NULL,NULL,1
Zaragoza,6,56,14,14,10,36,36,1ª,1990,38,NULL,NULL,NULL
Logroñés,7,53,13,14,16,40,48,1ª,1990,38,NULL,NULL,NULL
Osasuna,8,50,14,8,17,32,49,1ª,1990,38,NULL,NULL,NULL
Cádiz,9,50,13,11,13,51,45,1ª,1990,38,NULL,NULL,NULL
Valladolid,10,48,12,12,11,42,32,1ª,1990,38,NULL,NULL,NULL
Oviedo,11,48,12,12,13,33,44,1ª,1990,38,NULL,NULL,NULL
Real Sociedad,12,47,13,8,13,37,39,1ª,1990,38,NULL,NULL,NULL
Mallorca,13,45,12,9,14,37,33,1ª,1990,38,NULL,NULL,NULL
Ath. Bilbao,14,39,10,9,13,41,38,1ª,1990,38,NULL,NULL,NULL
Celta,15,39,10,9,15,30,37,1ª,1990,38,NULL,NULL,NULL
Castellón,16,36,9,9,12,44,38,1ª,1990,38,NULL,NULL,NULL
Tenerife,17,36,9,9,16,36,38,1ª,1990,38,NULL,NULL,NULL
Málaga (C.D.),18,35,8,11,12,33,29,1ª,1990,38,NULL,NULL,NULL
Rayo Vallecano,19,34,9,7,16,58,50,1ª,1990,38,NULL,1,NULL
Sporting Gijón,20,34,9,7,16,32,37,1ª,1990,38,NULL,1,NULL
Burgos (Real),1,69,19,12,15,34,50,2ª,1990,38,1,NULL,NULL
Betis,2,62,16,14,13,29,36,2ª,1990,38,1,NULL,NULL
Ath. Bilbao B,3,61,17,10,13,61,39,2ª,1990,38,1,NULL,NULL
Espanyol,4,59,16,11,7,48,27,2ª,1990,38,NULL,NULL,NULL
Figueres,5,57,15,12,17,59,53,2ª,1990,38,NULL,NULL,NULL
Murcia,6,57,15,12,8,61,26,2ª,1990,38,NULL,NULL,NULL
Dptivo. Coruña,7,55,14,13,14,22,44,2ª,1990,38,NULL,NULL,NULL
Palamós,8,53,13,14,11,29,39,2ª,1990,38,NULL,NULL,NULL
Salamanca,9,50,14,8,10,53,39,2ª,1990,38,NULL,NULL,NULL
Elche,10,49,13,10,8,48,28,2ª,1990,38,NULL,NULL,NULL
Las Palmas,11,48,13,9,14,38,44,2ª,1990,38,NULL,NULL,NULL
Éibar,12,48,10,18,12,36,42,2ª,1990,38,NULL,NULL,NULL
Rec. Huelva,13,47,12,11,15,39,43,2ª,1990,38,NULL,NULL,NULL
Sabadell,14,45,11,12,14,45,50,2ª,1990,38,NULL,NULL,NULL
Real Madrid B,15,42,12,6,14,55,45,2ª,1990,38,NULL,NULL,NULL
Rac. Santander,16,41,11,8,12,41,37,2ª,1990,38,NULL,NULL,NULL
At. Madrid B,17,39,10,9,16,44,55,2ª,1990,38,NULL,NULL,NULL
Sestao,18,37,10,7,15,49,45,2ª,1990,38,NULL,NULL,NULL
Levante,19,34,9,7,21,37,48,2ª,1990,38,NULL,NULL,NULL
Xerez,20,28,7,7,22,36,56,2ª,1990,38,NULL,NULL,NULL
Espanyol,21,26,5,11,7,48,27,Promoción 1ª/2ª,1990,0,1,NULL,NULL
Málaga (C.D.),22,20,3,11,12,33,29,Promoción 1ª/2ª,1990,0,1,NULL,NULL
Barcelona,1,73,21,10,6,41,21,1ª,1991,38,NULL,NULL,1
At. Madrid,2,71,21,8,6,49,29,1ª,1991,38,NULL,NULL,1
Real Madrid,3,66,19,9,8,45,29,1ª,1991,38,NULL,NULL,1
Sevilla,4,60,16,12,10,45,29,1ª,1991,38,NULL,NULL,1
Espanyol,5,56,15,11,7,48,27,1ª,1991,38,NULL,NULL,1
Valladolid,6,54,14,12,11,42,32,1ª,1991,38,NULL,NULL,NULL
Valencia,7,52,14,10,12,37,33,1ª,1991,38,NULL,NULL,NULL
Oviedo,8,51,13,12,13,33,44,1ª,1991,38,NULL,NULL,NULL
Osasuna,9,50,14,8,17,32,49,1ª,1991,38,NULL,NULL,NULL
Ath. Bilbao,10,48,13,9,13,41,38,1ª,1991,38,NULL,NULL,NULL
Tenerife,11,48,13,9,16,36,38,1ª,1991,38,NULL,NULL,NULL
Sporting Gijón,12,46,13,7,16,32,37,1ª,1991,38,NULL,NULL,NULL
Burgos (Real),13,45,11,12,15,34,50,1ª,1991,38,NULL,NULL,NULL
Cádiz,14,44,11,11,13,51,45,1ª,1991,38,NULL,NULL,NULL
Logroñés,15,44,10,14,16,40,48,1ª,1991,38,NULL,NULL,NULL
Betis,16,44,10,14,13,29,36,1ª,1991,38,NULL,NULL,NULL
Mallorca,17,42,11,9,14,37,33,1ª,1991,38,NULL,NULL,NULL
Zaragoza,18,41,9,14,10,36,36,1ª,1991,38,NULL,NULL,NULL
Castellón,19,39,10,9,12,44,38,1ª,1991,38,NULL,1,NULL
Real Sociedad,20,38,10,8,13,37,39,1ª,1991,38,NULL,1,NULL
Murcia,1,72,20,12,8,61,26,2ª,1991,38,1,NULL,NULL
Dptivo. Coruña,2,67,18,13,14,22,44,2ª,1991,38,1,NULL,NULL
Ath. Bilbao B,3,64,18,10,13,61,39,2ª,1991,38,1,NULL,NULL
Lleida,4,63,17,12,11,53,37,2ª,1991,38,NULL,NULL,NULL
Figueres,5,60,16,12,17,59,53,2ª,1991,38,NULL,NULL,NULL
Orihuela,6,55,12,19,7,46,39,2ª,1991,38,NULL,NULL,NULL
Palamós,7,50,12,14,11,29,39,2ª,1991,38,NULL,NULL,NULL
Málaga (C.D.),8,50,13,11,12,33,29,2ª,1991,38,NULL,NULL,NULL
Celta,9,48,13,9,15,30,37,2ª,1991,38,NULL,NULL,NULL
Avilés,10,48,10,18,10,35,37,2ª,1991,38,NULL,NULL,NULL
Elche,11,46,12,10,8,48,28,2ª,1991,38,NULL,NULL,NULL
Éibar,12,45,9,18,12,36,42,2ª,1991,38,NULL,NULL,NULL
Salamanca,13,44,12,8,10,53,39,2ª,1991,38,NULL,NULL,NULL
Albacete,14,43,12,7,19,35,62,2ª,1991,38,NULL,NULL,NULL
Las Palmas,15,42,11,9,14,38,44,2ª,1991,38,NULL,NULL,NULL
Sabadell,16,39,9,12,14,45,50,2ª,1991,38,NULL,NULL,NULL
Sestao,17,34,9,7,15,49,45,2ª,1991,38,NULL,NULL,NULL
Rayo Vallecano,18,34,9,7,16,58,50,2ª,1991,38,NULL,NULL,NULL
Xerez,19,25,6,7,22,36,56,2ª,1991,38,NULL,NULL,NULL
Levante,20,22,5,7,21,37,48,2ª,1991,38,NULL,NULL,NULL
Cádiz,21,26,5,11,13,51,45,Promoción 1ª/2ª,1991,0,1,NULL,NULL
Zaragoza,22,20,2,14,10,36,36,Promoción 1ª/2ª,1991,0,1,NULL,NULL
Málaga (C.D.),23,20,3,11,12,33,29,Promoción 1ª/2ª,1991,0,1,NULL,NULL
At. Madrid,1,83,25,8,6,49,29,1ª,1992,38,NULL,NULL,1
Real Madrid,2,75,22,9,8,45,29,1ª,1992,38,NULL,NULL,1
Barcelona,3,73,21,10,6,41,21,1ª,1992,38,NULL,NULL,1
Valencia,4,55,15,10,12,37,33,1ª,1992,38,NULL,NULL,1
Sevilla,5,54,14,12,10,45,29,1ª,1992,38,NULL,NULL,1
Burgos (Real),6,54,14,12,15,34,50,1ª,1992,38,NULL,NULL,NULL
Oviedo,7,54,14,12,13,33,44,1ª,1992,38,NULL,NULL,NULL
Zaragoza,8,53,13,14,10,36,36,1ª,1992,38,NULL,NULL,NULL
Tenerife,9,51,14,9,16,36,38,1ª,1992,38,NULL,NULL,NULL
Espanyol,10,50,13,11,7,48,27,1ª,1992,38,NULL,NULL,NULL
Real Sociedad,11,47,13,8,13,37,39,1ª,1992,38,NULL,NULL,NULL
Albacete,12,46,13,7,19,35,62,1ª,1992,38,NULL,NULL,NULL
Valladolid,13,45,11,12,11,42,32,1ª,1992,38,NULL,NULL,NULL
Mallorca,14,45,12,9,14,37,33,1ª,1992,38,NULL,NULL,NULL
Logroñés,15,44,10,14,16,40,48,1ª,1992,38,NULL,NULL,NULL
Ath. Bilbao,16,42,11,9,13,41,38,1ª,1992,38,NULL,NULL,NULL
Osasuna,17,41,11,8,17,32,49,1ª,1992,38,NULL,NULL,NULL
Cádiz,18,41,10,11,13,51,45,1ª,1992,38,NULL,NULL,NULL
Sporting Gijón,19,40,11,7,16,32,37,1ª,1992,38,NULL,1,NULL
Dptivo. Coruña,20,31,6,13,14,22,44,1ª,1992,38,NULL,1,NULL
Betis,1,80,22,14,13,29,36,2ª,1992,38,1,NULL,NULL
Celta,2,72,21,9,15,30,37,2ª,1992,38,1,NULL,NULL
Lleida,3,63,17,12,11,53,37,2ª,1992,38,1,NULL,NULL
Ath. Bilbao B,4,61,17,10,13,61,39,2ª,1992,38,NULL,NULL,NULL
Murcia,5,60,16,12,8,61,26,2ª,1992,38,NULL,NULL,NULL
Barcelona B,6,60,16,12,13,46,52,2ª,1992,38,NULL,NULL,NULL
Mérida,7,57,16,9,13,58,48,2ª,1992,38,NULL,NULL,NULL
Compostela,8,56,15,11,12,36,32,2ª,1992,38,NULL,NULL,NULL
Rayo Vallecano,9,55,16,7,16,58,50,2ª,1992,38,NULL,NULL,NULL
Figueres,10,54,14,12,17,59,53,2ª,1992,38,NULL,NULL,NULL
Rac. Santander,11,53,15,8,12,41,37,2ª,1992,38,NULL,NULL,NULL
Palamós,12,53,13,14,11,29,39,2ª,1992,38,NULL,NULL,NULL
Avilés,13,51,11,18,10,35,37,2ª,1992,38,NULL,NULL,NULL
Éibar,14,48,10,18,12,36,42,2ª,1992,38,NULL,NULL,NULL
Castellón,15,45,12,9,12,44,38,2ª,1992,38,NULL,NULL,NULL
Real Madrid B,16,45,13,6,14,55,45,2ª,1992,38,NULL,NULL,NULL
Sabadell,17,45,11,12,14,45,50,2ª,1992,38,NULL,NULL,NULL
Sestao,18,37,10,7,15,49,45,2ª,1992,38,NULL,NULL,NULL
Málaga (C.D.),19,35,8,11,12,33,29,2ª,1992,38,NULL,NULL,NULL
Las Palmas,20,30,7,9,14,38,44,2ª,1992,38,NULL,NULL,NULL
Cádiz,21,26,5,11,13,51,45,Promoción 1ª/2ª,1992,0,1,NULL,NULL
Dptivo. Coruña,22,19,2,13,14,22,44,Promoción 1ª/2ª,1992,0,1,NULL,NULL
Barcelona,1,76,22,10,6,41,21,1ª,1993,38,NULL,NULL,1
Real Madrid,2,75,22,9,8,45,29,1ª,1993,38,NULL,NULL,1
At. Madrid,3,65,19,8,6,49,29,1ª,1993,38,NULL,NULL,1
Valencia,4,61,17,10,12,37,33,1ª,1993,38,NULL,NULL,1
Dptivo. Coruña,5,58,15,13,14,22,44,1ª,1993,38,NULL,NULL,1
Sevilla,6,54,14,12,10,45,29,1ª,1993,38,NULL,NULL,NULL
Ath. Bilbao,7,45,12,9,13,41,38,1ª,1993,38,NULL,NULL,NULL
Tenerife,8,45,12,9,16,36,38,1ª,1993,38,NULL,NULL,NULL
Real Sociedad,9,44,12,8,13,37,39,1ª,1993,38,NULL,NULL,NULL
Espanyol,10,44,11,11,7,48,27,1ª,1993,38,NULL,NULL,NULL
Albacete,11,43,12,7,19,35,62,1ª,1993,38,NULL,NULL,NULL
Celta,12,42,11,9,15,30,37,1ª,1993,38,NULL,NULL,NULL
Zaragoza,13,41,9,14,10,36,36,1ª,1993,38,NULL,NULL,NULL
Osasuna,14,41,11,8,17,32,49,1ª,1993,38,NULL,NULL,NULL
Oviedo,15,39,9,12,13,33,44,1ª,1993,38,NULL,NULL,NULL
Logroñés,16,38,8,14,16,40,48,1ª,1993,38,NULL,NULL,NULL
Rayo Vallecano,17,34,9,7,16,58,50,1ª,1993,38,NULL,NULL,NULL
Burgos (Real),18,33,7,12,15,34,50,1ª,1993,38,NULL,NULL,NULL
Cádiz,19,32,7,11,13,51,45,1ª,1993,38,NULL,1,NULL
Sporting Gijón,20,28,7,7,16,32,37,1ª,1993,38,NULL,1,NULL
Rac. Santander,1,71,21,8,12,41,37,2ª,1993,38,1,NULL,NULL
Lleida,2,69,19,12,11,53,37,2ª,1993,38,1,NULL,NULL
Valladolid,3,69,19,12,11,42,32,2ª,1993,38,1,NULL,NULL
Mallorca,4,66,19,9,14,37,33,2ª,1993,38,NULL,NULL,NULL
Betis,5,59,15,14,13,29,36,2ª,1993,38,NULL,NULL,NULL
Marbella,6,59,17,8,13,45,41,2ª,1993,38,NULL,NULL,NULL
Palamós,7,59,15,14,11,29,39,2ª,1993,38,NULL,NULL,NULL
Mérida,8,54,15,9,13,58,48,2ª,1993,38,NULL,NULL,NULL
Figueres,9,51,13,12,17,59,53,2ª,1993,38,NULL,NULL,NULL
Badajoz,10,50,14,8,16,37,36,2ª,1993,38,NULL,NULL,NULL
Ath. Bilbao B,11,49,13,10,13,61,39,2ª,1993,38,NULL,NULL,NULL
Compostela,12,47,12,11,12,36,32,2ª,1993,38,NULL,NULL,NULL
Villarreal,13,47,13,8,17,38,51,2ª,1993,38,NULL,NULL,NULL
Éibar,14,45,9,18,12,36,42,2ª,1993,38,NULL,NULL,NULL
Castellón,15,45,12,9,12,44,38,2ª,1993,38,NULL,NULL,NULL
Barcelona B,16,45,11,12,13,46,52,2ª,1993,38,NULL,NULL,NULL
Real Madrid B,17,39,11,6,14,55,45,2ª,1993,38,NULL,NULL,NULL
Sabadell,18,36,8,12,14,45,50,2ª,1993,38,NULL,NULL,NULL
Lugo,19,32,7,11,20,23,41,2ª,1993,38,NULL,NULL,NULL
Sestao,20,28,7,7,15,49,45,2ª,1993,38,NULL,NULL,NULL
Barcelona,1,76,22,10,6,41,21,1ª,1994,38,NULL,NULL,1
At. Madrid,2,68,20,8,6,49,29,1ª,1994,38,NULL,NULL,1
Real Madrid,3,60,17,9,8,45,29,1ª,1994,38,NULL,NULL,1
Zaragoza,4,59,15,14,10,36,36,1ª,1994,38,NULL,NULL,1
Rac. Santander,5,56,16,8,12,41,37,1ª,1994,38,NULL,NULL,1
Dptivo. Coruña,6,55,14,13,14,22,44,1ª,1994,38,NULL,NULL,NULL
Tenerife,7,54,15,9,16,36,38,1ª,1994,38,NULL,NULL,NULL
Celta,8,54,15,9,15,30,37,1ª,1994,38,NULL,NULL,NULL
Sevilla,9,51,13,12,10,45,29,1ª,1994,38,NULL,NULL,NULL
Valencia,10,49,13,10,12,37,33,1ª,1994,38,NULL,NULL,NULL
Ath. Bilbao,11,45,12,9,13,41,38,1ª,1994,38,NULL,NULL,NULL
Oviedo,12,45,11,12,13,33,44,1ª,1994,38,NULL,NULL,NULL
Valladolid,13,39,9,12,11,42,32,1ª,1994,38,NULL,NULL,NULL
Real Sociedad,14,38,10,8,13,37,39,1ª,1994,38,NULL,NULL,NULL
Rayo Vallecano,15,37,10,7,16,58,50,1ª,1994,38,NULL,NULL,NULL
Albacete,16,37,10,7,19,35,62,1ª,1994,38,NULL,NULL,NULL
Sporting Gijón,17,37,10,7,16,32,37,1ª,1994,38,NULL,NULL,NULL
Lleida,18,36,8,12,11,53,37,1ª,1994,38,NULL,NULL,NULL
Logroñés,19,35,7,14,16,40,48,1ª,1994,38,NULL,1,NULL
Osasuna,20,32,8,8,17,32,49,1ª,1994,38,NULL,1,NULL
Betis,1,83,23,14,13,29,36,2ª,1994,38,1,NULL,NULL
Compostela,2,68,19,11,12,36,32,2ª,1994,38,1,NULL,NULL
Toledo,3,65,18,11,9,50,32,2ª,1994,38,1,NULL,NULL
Mallorca,4,60,17,9,14,37,33,2ª,1994,38,NULL,NULL,NULL
Real Madrid B,5,60,18,6,14,55,45,2ª,1994,38,NULL,NULL,NULL
Mérida,6,57,16,9,13,58,48,2ª,1994,38,NULL,NULL,NULL
Badajoz,7,56,16,8,16,37,36,2ª,1994,38,NULL,NULL,NULL
Espanyol,8,56,15,11,7,48,27,2ª,1994,38,NULL,NULL,NULL
Burgos (Real),9,54,14,12,15,34,50,2ª,1994,38,NULL,NULL,NULL
Murcia,10,54,14,12,8,61,26,2ª,1994,38,NULL,NULL,NULL
Ath. Bilbao B,11,52,14,10,13,61,39,2ª,1994,38,NULL,NULL,NULL
Éibar,12,51,11,18,12,36,42,2ª,1994,38,NULL,NULL,NULL
Villarreal,13,50,14,8,17,38,51,2ª,1994,38,NULL,NULL,NULL
Palamós,14,50,12,14,11,29,39,2ª,1994,38,NULL,NULL,NULL
Hércules,15,49,14,7,15,42,39,2ª,1994,38,NULL,NULL,NULL
Leganés,16,45,11,12,15,53,59,2ª,1994,38,NULL,NULL,NULL
Marbella,17,44,12,8,13,45,41,2ª,1994,38,NULL,NULL,NULL
Barcelona B,18,42,10,12,13,46,52,2ª,1994,38,NULL,NULL,NULL
Cádiz,19,32,7,11,13,51,45,2ª,1994,38,NULL,NULL,NULL
Castellón,20,27,6,9,12,44,38,2ª,1994,38,NULL,NULL,NULL
Toledo,21,35,8,11,9,50,32,Promoción 1ª/2ª,1994,0,1,NULL,NULL
Valladolid,22,30,6,12,11,42,32,Promoción 1ª/2ª,1994,0,1,NULL,NULL
Compostela,23,29,6,11,12,36,32,Promoción 1ª/2ª,1994,0,1,NULL,NULL
Real Madrid,1,72,21,9,8,45,29,1ª,1995,38,NULL,NULL,1
At. Madrid,2,65,19,8,6,49,29,1ª,1995,38,NULL,NULL,1
Barcelona,3,64,18,10,6,41,21,1ª,1995,38,NULL,NULL,1
Betis,4,59,15,14,13,29,36,1ª,1995,38,NULL,NULL,1
Espanyol,5,56,15,11,7,48,27,1ª,1995,38,NULL,NULL,1
Zaragoza,6,56,14,14,10,36,36,1ª,1995,38,NULL,NULL,NULL
Oviedo,7,54,14,12,13,33,44,1ª,1995,38,NULL,NULL,NULL
Dptivo. Coruña,8,52,13,13,14,22,44,1ª,1995,38,NULL,NULL,NULL
Compostela,9,50,13,11,12,36,32,1ª,1995,38,NULL,NULL,NULL
Valencia,10,49,13,10,12,37,33,1ª,1995,38,NULL,NULL,NULL
Tenerife,11,48,13,9,16,36,38,1ª,1995,38,NULL,NULL,NULL
Rac. Santander,12,47,13,8,12,41,37,1ª,1995,38,NULL,NULL,NULL
Sevilla,13,45,11,12,10,45,29,1ª,1995,38,NULL,NULL,NULL
Valladolid,14,45,11,12,11,42,32,1ª,1995,38,NULL,NULL,NULL
Celta,15,45,12,9,15,30,37,1ª,1995,38,NULL,NULL,NULL
Ath. Bilbao,16,42,11,9,13,41,38,1ª,1995,38,NULL,NULL,NULL
Real Sociedad,17,38,10,8,13,37,39,1ª,1995,38,NULL,NULL,NULL
Albacete,18,31,8,7,19,35,62,1ª,1995,38,NULL,NULL,NULL
Sporting Gijón,19,28,7,7,16,32,37,1ª,1995,38,NULL,1,NULL
Logroñés,20,20,2,14,16,40,48,1ª,1995,38,NULL,1,NULL
Mérida,1,66,19,9,13,58,48,2ª,1995,38,1,NULL,NULL
Toledo,2,62,17,11,9,50,32,2ª,1995,38,1,NULL,NULL
Mallorca,3,60,17,9,14,37,33,2ª,1995,38,1,NULL,NULL
Lleida,4,60,16,12,11,53,37,2ª,1995,38,NULL,NULL,NULL
Ath. Bilbao B,5,58,16,10,13,61,39,2ª,1995,38,NULL,NULL,NULL
Rayo Vallecano,6,55,16,7,16,58,50,2ª,1995,38,NULL,NULL,NULL
Leganés,7,51,13,12,15,53,59,2ª,1995,38,NULL,NULL,NULL
Salamanca,8,50,14,8,10,53,39,2ª,1995,38,NULL,NULL,NULL
Marbella,9,50,14,8,13,45,41,2ª,1995,38,NULL,NULL,NULL
Hércules,10,49,14,7,15,42,39,2ª,1995,38,NULL,NULL,NULL
Barcelona B,11,48,12,12,13,46,52,2ª,1995,38,NULL,NULL,NULL
Badajoz,12,47,13,8,16,37,36,2ª,1995,38,NULL,NULL,NULL
Éibar,13,42,8,18,12,36,42,2ª,1995,38,NULL,NULL,NULL
Extremadura,14,42,8,18,12,35,48,2ª,1995,38,NULL,NULL,NULL
Osasuna,15,41,11,8,17,32,49,2ª,1995,38,NULL,NULL,NULL
Palamós,16,41,9,14,11,29,39,2ª,1995,38,NULL,NULL,NULL
Villarreal,17,41,11,8,17,38,51,2ª,1995,38,NULL,NULL,NULL
Real Madrid B,18,39,11,6,14,55,45,2ª,1995,38,NULL,NULL,NULL
Ourense,19,27,5,12,13,43,45,2ª,1995,38,NULL,NULL,NULL
Getafe,20,23,4,11,15,37,48,2ª,1995,38,NULL,NULL,NULL
Sporting Gijón,21,13,2,7,16,32,37,Promoción 1ª/2ª,1995,0,1,NULL,NULL
At. Madrid,1,74,22,8,6,49,29,1ª,1996,42,NULL,NULL,1
Barcelona,2,73,21,10,6,41,21,1ª,1996,42,NULL,NULL,1
Valencia,3,67,19,10,12,37,33,1ª,1996,42,NULL,NULL,1
Real Madrid,4,63,18,9,8,45,29,1ª,1996,42,NULL,NULL,1
Compostela,5,62,17,11,12,36,32,1ª,1996,42,NULL,NULL,1
Betis,6,59,15,14,13,29,36,1ª,1996,42,NULL,NULL,NULL
Espanyol,7,56,15,11,7,48,27,1ª,1996,42,NULL,NULL,NULL
Mérida,8,54,15,9,13,58,48,1ª,1996,42,NULL,NULL,NULL
Celta,9,54,15,9,15,30,37,1ª,1996,42,NULL,NULL,NULL
Tenerife,10,51,14,9,16,36,38,1ª,1996,42,NULL,NULL,NULL
Real Sociedad,11,50,14,8,13,37,39,1ª,1996,42,NULL,NULL,NULL
Dptivo. Coruña,12,49,12,13,14,22,44,1ª,1996,42,NULL,NULL,NULL
Valladolid,13,48,12,12,11,42,32,1ª,1996,42,NULL,NULL,NULL
Sevilla,14,42,10,12,10,45,29,1ª,1996,42,NULL,NULL,NULL
Rac. Santander,15,41,11,8,12,41,37,1ª,1996,42,NULL,NULL,NULL
Salamanca,16,41,11,8,10,53,39,1ª,1996,42,NULL,NULL,NULL
Sporting Gijón,17,40,11,7,16,32,37,1ª,1996,42,NULL,NULL,NULL
Ath. Bilbao,18,39,10,9,13,41,38,1ª,1996,42,NULL,NULL,NULL
Zaragoza,19,38,8,14,10,36,36,1ª,1996,42,NULL,NULL,NULL
Rayo Vallecano,20,37,10,7,16,58,50,1ª,1996,42,NULL,NULL,NULL
Albacete,21,34,9,7,19,35,62,1ª,1996,42,NULL,1,NULL
Oviedo,22,33,7,12,13,33,44,1ª,1996,42,NULL,1,NULL
Lleida,1,60,16,12,11,53,37,2ª,1996,38,1,NULL,NULL
Badajoz,2,59,17,8,16,37,36,2ª,1996,38,1,NULL,NULL
Extremadura,3,57,13,18,12,35,48,2ª,1996,38,1,NULL,NULL
Toledo,4,56,15,11,9,50,32,2ª,1996,38,NULL,NULL,NULL
Hércules,5,55,16,7,15,42,39,2ª,1996,38,NULL,NULL,NULL
Logroñés,6,53,13,14,16,40,48,2ª,1996,38,NULL,NULL,NULL
Ath. Bilbao B,7,52,14,10,13,61,39,2ª,1996,38,NULL,NULL,NULL
Éibar,8,51,11,18,12,36,42,2ª,1996,38,NULL,NULL,NULL
Mallorca,9,51,14,9,14,37,33,2ª,1996,38,NULL,NULL,NULL
Leganés,10,51,13,12,15,53,59,2ª,1996,38,NULL,NULL,NULL
Real Madrid B,11,48,14,6,14,55,45,2ª,1996,38,NULL,NULL,NULL
Alavés,12,46,13,7,18,35,45,2ª,1996,38,NULL,NULL,NULL
Écija,13,45,12,9,17,34,60,2ª,1996,38,NULL,NULL,NULL
Barcelona B,14,45,11,12,13,46,52,2ª,1996,38,NULL,NULL,NULL
Almería,15,44,10,14,14,42,47,2ª,1996,38,NULL,NULL,NULL
Villarreal,16,41,11,8,17,38,51,2ª,1996,38,NULL,NULL,NULL
Osasuna,17,41,11,8,17,32,49,2ª,1996,38,NULL,NULL,NULL
Sestao,18,31,8,7,15,49,45,2ª,1996,38,NULL,NULL,NULL
Marbella,19,26,6,8,13,45,41,2ª,1996,38,NULL,NULL,NULL
Getafe,20,26,5,11,15,37,48,2ª,1996,38,NULL,NULL,NULL
Extremadura,21,30,4,18,12,35,48,Promoción 1ª/2ª,1996,0,1,NULL,NULL
Mallorca,22,27,6,9,14,37,33,Promoción 1ª/2ª,1996,0,1,NULL,NULL
Rayo Vallecano,23,19,4,7,16,58,50,Promoción 1ª/2ª,1996,0,1,NULL,NULL
Barcelona,1,79,23,10,6,41,21,1ª,1997,42,NULL,NULL,1
Real Madrid,2,78,23,9,8,45,29,1ª,1997,42,NULL,NULL,1
At. Madrid,3,71,21,8,6,49,29,1ª,1997,42,NULL,NULL,1
Betis,4,62,16,14,13,29,36,1ª,1997,42,NULL,NULL,1
Valladolid,5,60,16,12,11,42,32,1ª,1997,42,NULL,NULL,1
Espanyol,6,56,15,11,7,48,27,1ª,1997,42,NULL,NULL,NULL
Extremadura,7,54,12,18,12,35,48,1ª,1997,42,NULL,NULL,NULL
Dptivo. Coruña,8,52,13,13,14,22,44,1ª,1997,42,NULL,NULL,NULL
Celta,9,51,14,9,15,30,37,1ª,1997,42,NULL,NULL,NULL
Real Sociedad,10,50,14,8,13,37,39,1ª,1997,42,NULL,NULL,NULL
Compostela,11,50,13,11,12,36,32,1ª,1997,42,NULL,NULL,NULL
Valencia,12,49,13,10,12,37,33,1ª,1997,42,NULL,NULL,NULL
Hércules,13,46,13,7,15,42,39,1ª,1997,42,NULL,NULL,NULL
Tenerife,14,45,12,9,16,36,38,1ª,1997,42,NULL,NULL,NULL
Oviedo,15,45,11,12,13,33,44,1ª,1997,42,NULL,NULL,NULL
Sevilla,16,45,11,12,10,45,29,1ª,1997,42,NULL,NULL,NULL
Zaragoza,17,44,10,14,10,36,36,1ª,1997,42,NULL,NULL,NULL
Ath. Bilbao,18,42,11,9,13,41,38,1ª,1997,42,NULL,NULL,NULL
Rac. Santander,19,41,11,8,12,41,37,1ª,1997,42,NULL,NULL,NULL
Rayo Vallecano,20,40,11,7,16,58,50,1ª,1997,42,NULL,NULL,NULL
Logroñés,21,35,7,14,16,40,48,1ª,1997,42,NULL,1,NULL
Sporting Gijón,22,34,9,7,16,32,37,1ª,1997,42,NULL,1,NULL
Mérida,1,72,21,9,13,58,48,2ª,1997,38,1,NULL,NULL
Mallorca,2,60,17,9,14,37,33,2ª,1997,38,1,NULL,NULL
Salamanca,3,59,17,8,10,53,39,2ª,1997,38,1,NULL,NULL
Lleida,4,57,15,12,11,53,37,2ª,1997,38,NULL,NULL,NULL
Toledo,5,56,15,11,9,50,32,2ª,1997,38,NULL,NULL,NULL
Badajoz,6,53,15,8,16,37,36,2ª,1997,38,NULL,NULL,NULL
Éibar,7,51,11,18,12,36,42,2ª,1997,38,NULL,NULL,NULL
Villarreal,8,50,14,8,17,38,51,2ª,1997,38,NULL,NULL,NULL
Leganés,9,48,12,12,15,53,59,2ª,1997,38,NULL,NULL,NULL
Albacete,10,46,13,7,19,35,62,2ª,1997,38,NULL,NULL,NULL
Almería,11,44,10,14,14,42,47,2ª,1997,38,NULL,NULL,NULL
Ourense,12,42,10,12,13,43,45,2ª,1997,38,NULL,NULL,NULL
Las Palmas,13,42,11,9,14,38,44,2ª,1997,38,NULL,NULL,NULL
Osasuna,14,38,10,8,17,32,49,2ª,1997,38,NULL,NULL,NULL
Levante,15,37,10,7,21,37,48,2ª,1997,38,NULL,NULL,NULL
Real Madrid B,16,36,10,6,14,55,45,2ª,1997,38,NULL,NULL,NULL
At. Madrid B,17,36,9,9,16,44,55,2ª,1997,38,NULL,NULL,NULL
Barcelona B,18,33,7,12,13,46,52,2ª,1997,38,NULL,NULL,NULL
Écija,19,33,8,9,17,34,60,2ª,1997,38,NULL,NULL,NULL
Alavés,20,31,8,7,18,35,45,2ª,1997,38,NULL,NULL,NULL
Mallorca,21,27,6,9,14,37,33,Promoción 1ª/2ª,1997,0,1,NULL,NULL
Rayo Vallecano,22,19,4,7,16,58,50,Promoción 1ª/2ª,1997,0,1,NULL,NULL
Barcelona,1,70,20,10,6,41,21,1ª,1998,38,NULL,NULL,1
Celta,2,69,20,9,15,30,37,1ª,1998,38,NULL,NULL,1
At. Madrid,3,68,20,8,6,49,29,1ª,1998,38,NULL,NULL,1
Betis,4,65,17,14,13,29,36,1ª,1998,38,NULL,NULL,1
Real Madrid,5,63,18,9,8,45,29,1ª,1998,38,NULL,NULL,1
Mallorca,6,54,15,9,14,37,33,1ª,1998,38,NULL,NULL,NULL
Mérida,7,54,15,9,13,58,48,1ª,1998,38,NULL,NULL,NULL
Compostela,8,50,13,11,12,36,32,1ª,1998,38,NULL,NULL,NULL
Espanyol,9,50,13,11,7,48,27,1ª,1998,38,NULL,NULL,NULL
Ath. Bilbao,10,48,13,9,13,41,38,1ª,1998,38,NULL,NULL,NULL
Valladolid,11,48,12,12,11,42,32,1ª,1998,38,NULL,NULL,NULL
Rac. Santander,12,47,13,8,12,41,37,1ª,1998,38,NULL,NULL,NULL
Salamanca,13,47,13,8,10,53,39,1ª,1998,38,NULL,NULL,NULL
Valencia,14,46,12,10,12,37,33,1ª,1998,38,NULL,NULL,NULL
Real Sociedad,15,44,12,8,13,37,39,1ª,1998,38,NULL,NULL,NULL
Dptivo. Coruña,16,43,10,13,14,22,44,1ª,1998,38,NULL,NULL,NULL
Tenerife,17,42,11,9,16,36,38,1ª,1998,38,NULL,NULL,NULL
Oviedo,18,39,9,12,13,33,44,1ª,1998,38,NULL,NULL,NULL
Zaragoza,19,29,5,14,10,36,36,1ª,1998,38,NULL,1,NULL
Sporting Gijón,20,16,3,7,16,32,37,1ª,1998,38,NULL,1,NULL
Lleida,1,66,18,12,11,53,37,2ª,1998,42,1,NULL,NULL
Extremadura,2,63,15,18,12,35,48,2ª,1998,42,1,NULL,NULL
Badajoz,3,62,18,8,16,37,36,2ª,1998,42,1,NULL,NULL
Sevilla,4,60,16,12,10,45,29,2ª,1998,42,NULL,NULL,NULL
Villarreal,5,59,17,8,17,38,51,2ª,1998,42,NULL,NULL,NULL
Alavés,6,58,17,7,18,35,45,2ª,1998,42,NULL,NULL,NULL
Toledo,7,56,15,11,9,50,32,2ª,1998,42,NULL,NULL,NULL
Éibar,8,54,12,18,12,36,42,2ª,1998,42,NULL,NULL,NULL
At. Madrid B,9,54,15,9,16,44,55,2ª,1998,42,NULL,NULL,NULL
Las Palmas,10,54,15,9,14,38,44,2ª,1998,42,NULL,NULL,NULL
Elche,11,52,14,10,8,48,28,2ª,1998,42,NULL,NULL,NULL
Leganés,12,51,13,12,15,53,59,2ª,1998,42,NULL,NULL,NULL
Hércules,13,49,14,7,15,42,39,2ª,1998,42,NULL,NULL,NULL
Numancia,14,47,10,17,15,33,50,2ª,1998,42,NULL,NULL,NULL
Rayo Vallecano,15,46,13,7,16,58,50,2ª,1998,42,NULL,NULL,NULL
Osasuna,16,41,11,8,17,32,49,2ª,1998,42,NULL,NULL,NULL
Albacete,17,40,11,7,19,35,62,2ª,1998,42,NULL,NULL,NULL
Ourense,18,39,9,12,13,43,45,2ª,1998,42,NULL,NULL,NULL
Jaén,19,37,8,13,10,42,32,2ª,1998,42,NULL,NULL,NULL
Logroñés,20,35,7,14,16,40,48,2ª,1998,42,NULL,NULL,NULL
Xerez,21,28,7,7,22,36,56,2ª,1998,42,NULL,NULL,NULL
Levante,22,22,5,7,21,37,48,2ª,1998,42,NULL,NULL,NULL
Oviedo,23,21,3,12,13,33,44,Promoción 1ª/2ª,1998,0,1,NULL,NULL
Las Palmas,24,18,3,9,14,38,44,Promoción 1ª/2ª,1998,0,1,NULL,NULL
Real Madrid,1,69,20,9,8,45,29,1ª,1999,38,NULL,NULL,1
Barcelona,2,67,19,10,6,41,21,1ª,1999,38,NULL,NULL,1
Mallorca,3,66,19,9,14,37,33,1ª,1999,38,NULL,NULL,1
Celta,4,63,18,9,15,30,37,1ª,1999,38,NULL,NULL,1
At. Madrid,5,59,17,8,6,49,29,1ª,1999,38,NULL,NULL,1
Valladolid,6,57,15,12,11,42,32,1ª,1999,38,NULL,NULL,NULL
Betis,7,56,14,14,13,29,36,1ª,1999,38,NULL,NULL,NULL
Valencia,8,52,14,10,12,37,33,1ª,1999,38,NULL,NULL,NULL
Extremadura,9,51,11,18,12,35,48,1ª,1999,38,NULL,NULL,NULL
Zaragoza,10,50,12,14,10,36,36,1ª,1999,38,NULL,NULL,NULL
Espanyol,11,50,13,11,7,48,27,1ª,1999,38,NULL,NULL,NULL
Dptivo. Coruña,12,49,12,13,14,22,44,1ª,1999,38,NULL,NULL,NULL
Real Sociedad,13,47,13,8,13,37,39,1ª,1999,38,NULL,NULL,NULL
Oviedo,14,42,10,12,13,33,44,1ª,1999,38,NULL,NULL,NULL
Ath. Bilbao,15,42,11,9,13,41,38,1ª,1999,38,NULL,NULL,NULL
Salamanca,16,41,11,8,10,53,39,1ª,1999,38,NULL,NULL,NULL
Rac. Santander,17,41,11,8,12,41,37,1ª,1999,38,NULL,NULL,NULL
Alavés,18,40,11,7,18,35,45,1ª,1999,38,NULL,NULL,NULL
Villarreal,19,38,10,8,17,38,51,1ª,1999,38,NULL,1,NULL
Tenerife,20,30,7,9,16,36,38,1ª,1999,38,NULL,1,NULL
Málaga,1,79,22,13,7,72,47,2ª,1999,42,1,NULL,NULL
Numancia,2,65,16,17,15,33,50,2ª,1999,42,1,NULL,NULL
Mérida,3,63,18,9,13,58,48,2ª,1999,42,1,NULL,NULL
Toledo,4,62,17,11,9,50,32,2ª,1999,42,NULL,NULL,NULL
Sevilla,5,57,15,12,10,45,29,2ª,1999,42,NULL,NULL,NULL
Lleida,6,57,15,12,11,53,37,2ª,1999,42,NULL,NULL,NULL
Compostela,7,56,15,11,12,36,32,2ª,1999,42,NULL,NULL,NULL
Badajoz,8,56,16,8,16,37,36,2ª,1999,42,NULL,NULL,NULL
At. Madrid B,9,54,15,9,16,44,55,2ª,1999,42,NULL,NULL,NULL
Rayo Vallecano,10,52,15,7,16,58,50,2ª,1999,42,NULL,NULL,NULL
Rec. Huelva,11,50,13,11,15,39,43,2ª,1999,42,NULL,NULL,NULL
Las Palmas,12,48,13,9,14,38,44,2ª,1999,42,NULL,NULL,NULL
Leganés,13,48,12,12,15,53,59,2ª,1999,42,NULL,NULL,NULL
Éibar,14,48,10,18,12,36,42,2ª,1999,42,NULL,NULL,NULL
Osasuna,15,47,13,8,17,32,49,2ª,1999,42,NULL,NULL,NULL
Mallorca B,16,46,12,10,20,52,64,2ª,1999,42,NULL,NULL,NULL
Barcelona B,17,42,10,12,13,46,52,2ª,1999,42,NULL,NULL,NULL
Logroñés,18,38,8,14,16,40,48,2ª,1999,42,NULL,NULL,NULL
Albacete,19,37,10,7,19,35,62,2ª,1999,42,NULL,NULL,NULL
Sporting Gijón,20,37,10,7,16,32,37,2ª,1999,42,NULL,NULL,NULL
Ourense,21,36,8,12,13,43,45,2ª,1999,42,NULL,NULL,NULL
Hércules,22,34,9,7,15,42,39,2ª,1999,42,NULL,NULL,NULL
Sevilla,23,24,4,12,10,45,29,Promoción 1ª/2ª,1999,0,1,NULL,NULL
Rayo Vallecano,24,19,4,7,16,58,50,Promoción 1ª/2ª,1999,0,1,NULL,NULL
Barcelona,1,67,19,10,6,41,21,1ª,2000,38,NULL,NULL,1
Dptivo. Coruña,2,64,17,13,14,22,44,1ª,2000,38,NULL,NULL,1
Málaga,3,61,16,13,7,72,47,1ª,2000,38,NULL,NULL,1
Valladolid,4,60,16,12,11,42,32,1ª,2000,38,NULL,NULL,1
Celta,5,57,16,9,15,30,37,1ª,2000,38,NULL,NULL,1
Mallorca,6,57,16,9,14,37,33,1ª,2000,38,NULL,NULL,NULL
Numancia,7,56,13,17,15,33,50,1ª,2000,38,NULL,NULL,NULL
Betis,8,56,14,14,13,29,36,1ª,2000,38,NULL,NULL,NULL
Valencia,9,55,15,10,12,37,33,1ª,2000,38,NULL,NULL,NULL
Real Madrid,10,54,15,9,8,45,29,1ª,2000,38,NULL,NULL,NULL
Zaragoza,11,50,12,14,10,36,36,1ª,2000,38,NULL,NULL,NULL
At. Madrid,12,50,14,8,6,49,29,1ª,2000,38,NULL,NULL,NULL
Espanyol,13,47,12,11,7,48,27,1ª,2000,38,NULL,NULL,NULL
Oviedo,14,45,11,12,13,33,44,1ª,2000,38,NULL,NULL,NULL
Real Sociedad,15,41,11,8,13,37,39,1ª,2000,38,NULL,NULL,NULL
Rayo Vallecano,16,40,11,7,16,58,50,1ª,2000,38,NULL,NULL,NULL
Alavés,17,40,11,7,18,35,45,1ª,2000,38,NULL,NULL,NULL
Ath. Bilbao,18,36,9,9,13,41,38,1ª,2000,38,NULL,NULL,NULL
Sevilla,19,36,8,12,10,45,29,1ª,2000,38,NULL,1,NULL
Rac. Santander,20,32,8,8,12,41,37,1ª,2000,38,NULL,1,NULL
Lleida,1,63,17,12,11,53,37,2ª,2000,42,1,NULL,NULL
Extremadura,2,63,15,18,12,35,48,2ª,2000,42,1,NULL,NULL
Mérida,3,57,16,9,13,58,48,2ª,2000,42,1,NULL,NULL
Leganés,4,54,14,12,15,53,59,2ª,2000,42,NULL,NULL,NULL
Osasuna,5,53,15,8,17,32,49,2ª,2000,42,NULL,NULL,NULL
Salamanca,6,53,15,8,10,53,39,2ª,2000,42,NULL,NULL,NULL
Éibar,7,51,11,18,12,36,42,2ª,2000,42,NULL,NULL,NULL
Villarreal,8,50,14,8,17,38,51,2ª,2000,42,NULL,NULL,NULL
Toledo,9,50,13,11,9,50,32,2ª,2000,42,NULL,NULL,NULL
Levante,10,49,14,7,21,37,48,2ª,2000,42,NULL,NULL,NULL
Elche,11,49,13,10,8,48,28,2ª,2000,42,NULL,NULL,NULL
Las Palmas,12,48,13,9,14,38,44,2ª,2000,42,NULL,NULL,NULL
Compostela,13,47,12,11,12,36,32,2ª,2000,42,NULL,NULL,NULL
Tenerife,14,45,12,9,16,36,38,2ª,2000,42,NULL,NULL,NULL
Córdoba,15,45,12,9,16,45,46,2ª,2000,42,NULL,NULL,NULL
Badajoz,16,44,12,8,16,37,36,2ª,2000,42,NULL,NULL,NULL
At. Madrid B,17,42,11,9,16,44,55,2ª,2000,42,NULL,NULL,NULL
Logroñés,18,41,9,14,16,40,48,2ª,2000,42,NULL,NULL,NULL
Getafe,19,41,10,11,15,37,48,2ª,2000,42,NULL,NULL,NULL
Albacete,20,40,11,7,19,35,62,2ª,2000,42,NULL,NULL,NULL
Sporting Gijón,21,40,11,7,16,32,37,2ª,2000,42,NULL,NULL,NULL
Rec. Huelva,22,38,9,11,15,39,43,2ª,2000,42,NULL,NULL,NULL
Real Madrid,1,72,21,9,8,45,29,1ª,2001,38,NULL,NULL,1
Málaga,2,70,19,13,7,72,47,1ª,2001,38,NULL,NULL,1
Mallorca,3,66,19,9,14,37,33,1ª,2001,38,NULL,NULL,1
Barcelona,4,64,18,10,6,41,21,1ª,2001,38,NULL,NULL,1
Dptivo. Coruña,5,61,16,13,14,22,44,1ª,2001,38,NULL,NULL,1
Celta,6,60,17,9,15,30,37,1ª,2001,38,NULL,NULL,NULL
Valencia,7,58,16,10,12,37,33,1ª,2001,38,NULL,NULL,NULL
Numancia,8,53,12,17,15,33,50,1ª,2001,38,NULL,NULL,NULL
Rac. Santander,9,53,15,8,12,41,37,1ª,2001,38,NULL,NULL,NULL
Valladolid,10,51,13,12,11,42,32,1ª,2001,38,NULL,NULL,NULL
Espanyol,11,50,13,11,7,48,27,1ª,2001,38,NULL,NULL,NULL
Villarreal,12,47,13,8,17,38,51,1ª,2001,38,NULL,NULL,NULL
Oviedo,13,45,11,12,13,33,44,1ª,2001,38,NULL,NULL,NULL
Las Palmas,14,45,12,9,14,38,44,1ª,2001,38,NULL,NULL,NULL
Zaragoza,15,41,9,14,10,36,36,1ª,2001,38,NULL,NULL,NULL
Alavés,16,40,11,7,18,35,45,1ª,2001,38,NULL,NULL,NULL
Ath. Bilbao,17,39,10,9,13,41,38,1ª,2001,38,NULL,NULL,NULL
Rayo Vallecano,18,37,10,7,16,58,50,1ª,2001,38,NULL,NULL,NULL
Real Sociedad,19,32,8,8,13,37,39,1ª,2001,38,NULL,1,NULL
Osasuna,20,32,8,8,17,32,49,1ª,2001,38,NULL,1,NULL
At. Madrid,1,74,22,8,6,49,29,2ª,2001,42,1,NULL,NULL
Betis,2,74,20,14,13,29,36,2ª,2001,42,1,NULL,NULL
Sevilla,3,63,17,12,10,45,29,2ª,2001,42,1,NULL,NULL
Extremadura,4,63,15,18,12,35,48,2ª,2001,42,NULL,NULL,NULL
Badajoz,5,56,16,8,16,37,36,2ª,2001,42,NULL,NULL,NULL
Jaén,6,55,14,13,10,42,32,2ª,2001,42,NULL,NULL,NULL
Tenerife,7,51,14,9,16,36,38,2ª,2001,42,NULL,NULL,NULL
Murcia,8,51,13,12,8,61,26,2ª,2001,42,NULL,NULL,NULL
Albacete,9,49,14,7,19,35,62,2ª,2001,42,NULL,NULL,NULL
Éibar,10,48,10,18,12,36,42,2ª,2001,42,NULL,NULL,NULL
Rec. Huelva,11,44,11,11,15,39,43,2ª,2001,42,NULL,NULL,NULL
Salamanca,12,44,12,8,10,53,39,2ª,2001,42,NULL,NULL,NULL
Compostela,13,44,11,11,12,36,32,2ª,2001,42,NULL,NULL,NULL
Elche,14,43,11,10,8,48,28,2ª,2001,42,NULL,NULL,NULL
Ferrol,15,43,12,7,27,22,80,2ª,2001,42,NULL,NULL,NULL
Leganés,16,42,10,12,15,53,59,2ª,2001,42,NULL,NULL,NULL
Córdoba,17,42,11,9,16,45,46,2ª,2001,42,NULL,NULL,NULL
Levante,18,40,11,7,21,37,48,2ª,2001,42,NULL,NULL,NULL
Sporting Gijón,19,40,11,7,16,32,37,2ª,2001,42,NULL,NULL,NULL
Lleida,20,39,9,12,11,53,37,2ª,2001,42,NULL,NULL,NULL
Univ.Las Palmas,21,39,8,15,19,34,63,2ª,2001,42,NULL,NULL,NULL
Getafe,22,29,6,11,15,37,48,2ª,2001,42,NULL,NULL,NULL
Real Madrid,1,69,20,9,8,45,29,1ª,2002,38,NULL,NULL,1
Betis,2,65,17,14,13,29,36,1ª,2002,38,NULL,NULL,1
Málaga,3,64,17,13,7,72,47,1ª,2002,38,NULL,NULL,1
Barcelona,4,64,18,10,6,41,21,1ª,2002,38,NULL,NULL,1
Valencia,5,61,17,10,12,37,33,1ª,2002,38,NULL,NULL,1
Espanyol,6,59,16,11,7,48,27,1ª,2002,38,NULL,NULL,NULL
Celta,7,57,16,9,15,30,37,1ª,2002,38,NULL,NULL,NULL
Dptivo. Coruña,8,55,14,13,14,22,44,1ª,2002,38,NULL,NULL,NULL
Valladolid,9,54,14,12,11,42,32,1ª,2002,38,NULL,NULL,NULL
Rayo Vallecano,10,49,14,7,16,58,50,1ª,2002,38,NULL,NULL,NULL
Villarreal,11,47,13,8,17,38,51,1ª,2002,38,NULL,NULL,NULL
Mallorca,12,45,12,9,14,37,33,1ª,2002,38,NULL,NULL,NULL
Sevilla,13,42,10,12,10,45,29,1ª,2002,38,NULL,NULL,NULL
Alavés,14,40,11,7,18,35,45,1ª,2002,38,NULL,NULL,NULL
Real Sociedad,15,38,10,8,13,37,39,1ª,2002,38,NULL,NULL,NULL
Tenerife,16,36,9,9,16,36,38,1ª,2002,38,NULL,NULL,NULL
Las Palmas,17,36,9,9,14,38,44,1ª,2002,38,NULL,NULL,NULL
Zaragoza,18,35,7,14,10,36,36,1ª,2002,38,NULL,NULL,NULL
Osasuna,19,32,8,8,17,32,49,1ª,2002,38,NULL,1,NULL
Ath. Bilbao,20,30,7,9,13,41,38,1ª,2002,38,NULL,1,NULL
At. Madrid,1,68,20,8,6,49,29,2ª,2002,42,1,NULL,NULL
Rac. Santander,2,65,19,8,12,41,37,2ª,2002,42,1,NULL,NULL
Ferrol,3,58,17,7,27,22,80,2ª,2002,42,1,NULL,NULL
Elche,4,58,16,10,8,48,28,2ª,2002,42,NULL,NULL,NULL
Éibar,5,57,13,18,12,36,42,2ª,2002,42,NULL,NULL,NULL
Rec. Huelva,6,56,15,11,15,39,43,2ª,2002,42,NULL,NULL,NULL
Badajoz,7,56,16,8,16,37,36,2ª,2002,42,NULL,NULL,NULL
Extremadura,8,54,12,18,12,35,48,2ª,2002,42,NULL,NULL,NULL
Xerez,9,52,15,7,22,36,56,2ª,2002,42,NULL,NULL,NULL
Leganés,10,51,13,12,15,53,59,2ª,2002,42,NULL,NULL,NULL
Murcia,11,51,13,12,8,61,26,2ª,2002,42,NULL,NULL,NULL
Numancia,12,50,11,17,15,33,50,2ª,2002,42,NULL,NULL,NULL
Ejido,13,50,12,14,16,41,48,2ª,2002,42,NULL,NULL,NULL
Albacete,14,46,13,7,19,35,62,2ª,2002,42,NULL,NULL,NULL
Salamanca,15,41,11,8,10,53,39,2ª,2002,42,NULL,NULL,NULL
Oviedo,16,39,9,12,13,33,44,2ª,2002,42,NULL,NULL,NULL
Córdoba,17,36,9,9,16,45,46,2ª,2002,42,NULL,NULL,NULL
Gimn. Tarragona,18,36,9,9,17,35,48,2ª,2002,42,NULL,NULL,NULL
Jaén,19,34,7,13,10,42,32,2ª,2002,42,NULL,NULL,NULL
Sporting Gijón,20,34,9,7,16,32,37,2ª,2002,42,NULL,NULL,NULL
Burgos,21,24,5,9,19,36,63,2ª,2002,42,NULL,NULL,NULL
Levante,22,22,5,7,21,37,48,2ª,2002,42,NULL,NULL,NULL
Real Madrid,1,66,19,9,8,45,29,1ª,2003,38,NULL,NULL,1
Málaga,2,64,17,13,7,72,47,1ª,2003,38,NULL,NULL,1
Betis,3,59,15,14,13,29,36,1ª,2003,38,NULL,NULL,1
At. Madrid,4,59,17,8,6,49,29,1ª,2003,38,NULL,NULL,1
Barcelona,5,58,16,10,6,41,21,1ª,2003,38,NULL,NULL,1
Celta,6,57,16,9,15,30,37,1ª,2003,38,NULL,NULL,NULL
Dptivo. Coruña,7,55,14,13,14,22,44,1ª,2003,38,NULL,NULL,NULL
Valladolid,8,54,14,12,11,42,32,1ª,2003,38,NULL,NULL,NULL
Real Sociedad,9,53,15,8,13,37,39,1ª,2003,38,NULL,NULL,NULL
Rac. Santander,10,50,14,8,12,41,37,1ª,2003,38,NULL,NULL,NULL
Valencia,11,49,13,10,12,37,33,1ª,2003,38,NULL,NULL,NULL
Espanyol,12,47,12,11,7,48,27,1ª,2003,38,NULL,NULL,NULL
Mallorca,13,45,12,9,14,37,33,1ª,2003,38,NULL,NULL,NULL
Sevilla,14,45,11,12,10,45,29,1ª,2003,38,NULL,NULL,NULL
Ath. Bilbao,15,45,12,9,13,41,38,1ª,2003,38,NULL,NULL,NULL
Villarreal,16,44,12,8,17,38,51,1ª,2003,38,NULL,NULL,NULL
Osasuna,17,38,10,8,17,32,49,1ª,2003,38,NULL,NULL,NULL
Rec. Huelva,18,35,8,11,15,39,43,1ª,2003,38,NULL,NULL,NULL
Rayo Vallecano,19,28,7,7,16,58,50,1ª,2003,38,NULL,1,NULL
Alavés,20,25,6,7,18,35,45,1ª,2003,38,NULL,1,NULL
Murcia,1,72,20,12,8,61,26,2ª,2003,42,1,NULL,NULL
Numancia,2,56,13,17,15,33,50,2ª,2003,42,1,NULL,NULL
Ejido,3,53,13,14,16,41,48,2ª,2003,42,1,NULL,NULL
Zaragoza,4,50,12,14,10,36,36,2ª,2003,42,NULL,NULL,NULL
Compostela,5,50,13,11,12,36,32,2ª,2003,42,NULL,NULL,NULL
Ferrol,6,49,14,7,27,22,80,2ª,2003,42,NULL,NULL,NULL
Badajoz,7,47,13,8,16,37,36,2ª,2003,42,NULL,NULL,NULL
Almería,8,47,11,14,14,42,47,2ª,2003,42,NULL,NULL,NULL
Elche,9,46,12,10,8,48,28,2ª,2003,42,NULL,NULL,NULL
Leganés,10,45,11,12,15,53,59,2ª,2003,42,NULL,NULL,NULL
Las Palmas,11,45,12,9,14,38,44,2ª,2003,42,NULL,NULL,NULL
Éibar,12,45,9,18,12,36,42,2ª,2003,42,NULL,NULL,NULL
Tenerife,13,45,12,9,16,36,38,2ª,2003,42,NULL,NULL,NULL
Getafe,14,44,11,11,15,37,48,2ª,2003,42,NULL,NULL,NULL
Levante,15,43,12,7,21,37,48,2ª,2003,42,NULL,NULL,NULL
Terrassa,16,43,11,10,16,35,45,2ª,2003,42,NULL,NULL,NULL
Salamanca,17,41,11,8,10,53,39,2ª,2003,42,NULL,NULL,NULL
Albacete,18,40,11,7,19,35,62,2ª,2003,42,NULL,NULL,NULL
Xerez,19,37,10,7,22,36,56,2ª,2003,42,NULL,NULL,NULL
Sporting Gijón,20,31,8,7,16,32,37,2ª,2003,42,NULL,NULL,NULL
Córdoba,21,30,7,9,16,45,46,2ª,2003,42,NULL,NULL,NULL
Oviedo,22,30,6,12,13,33,44,2ª,2003,42,NULL,NULL,NULL
Málaga,1,70,19,13,7,72,47,1ª,2004,38,NULL,NULL,1
At. Madrid,2,68,20,8,6,49,29,1ª,2004,38,NULL,NULL,1
Real Madrid,3,66,19,9,8,45,29,1ª,2004,38,NULL,NULL,1
Barcelona,4,58,16,10,6,41,21,1ª,2004,38,NULL,NULL,1
Sevilla,5,57,15,12,10,45,29,1ª,2004,38,NULL,NULL,1
Dptivo. Coruña,6,55,14,13,14,22,44,1ª,2004,38,NULL,NULL,NULL
Valencia,7,55,15,10,12,37,33,1ª,2004,38,NULL,NULL,NULL
Betis,8,50,12,14,13,29,36,1ª,2004,38,NULL,NULL,NULL
Villarreal,9,50,14,8,17,38,51,1ª,2004,38,NULL,NULL,NULL
Valladolid,10,48,12,12,11,42,32,1ª,2004,38,NULL,NULL,NULL
Espanyol,11,47,12,11,7,48,27,1ª,2004,38,NULL,NULL,NULL
Mallorca,12,45,12,9,14,37,33,1ª,2004,38,NULL,NULL,NULL
Murcia,13,45,11,12,8,61,26,1ª,2004,38,NULL,NULL,NULL
Ath. Bilbao,14,42,11,9,13,41,38,1ª,2004,38,NULL,NULL,NULL
Albacete,15,40,11,7,19,35,62,1ª,2004,38,NULL,NULL,NULL
Celta,16,39,10,9,15,30,37,1ª,2004,38,NULL,NULL,NULL
Rac. Santander,17,38,10,8,12,41,37,1ª,2004,38,NULL,NULL,NULL
Zaragoza,18,38,8,14,10,36,36,1ª,2004,38,NULL,NULL,NULL
Real Sociedad,19,35,9,8,13,37,39,1ª,2004,38,NULL,1,NULL
Osasuna,20,32,8,8,17,32,49,1ª,2004,38,NULL,1,NULL
Numancia,1,71,18,17,15,33,50,2ª,2004,42,1,NULL,NULL
Cádiz,2,56,15,11,13,51,45,2ª,2004,42,1,NULL,NULL
Ejido,3,53,13,14,16,41,48,2ª,2004,42,1,NULL,NULL
Getafe,4,53,14,11,15,37,48,2ª,2004,42,NULL,NULL,NULL
Levante,5,52,15,7,21,37,48,2ª,2004,42,NULL,NULL,NULL
Elche,6,52,14,10,8,48,28,2ª,2004,42,NULL,NULL,NULL
Rec. Huelva,7,50,13,11,15,39,43,2ª,2004,42,NULL,NULL,NULL
Sporting Gijón,8,49,14,7,16,32,37,2ª,2004,42,NULL,NULL,NULL
Granada 74,9,49,11,16,15,51,63,2ª,2004,42,NULL,NULL,NULL
Málaga B,10,49,11,16,15,46,56,2ª,2004,42,NULL,NULL,NULL
Almería,11,47,11,14,14,42,47,2ª,2004,42,NULL,NULL,NULL
Alavés,12,46,13,7,18,35,45,2ª,2004,42,NULL,NULL,NULL
Tenerife,13,45,12,9,16,36,38,2ª,2004,42,NULL,NULL,NULL
Éibar,14,42,8,18,12,36,42,2ª,2004,42,NULL,NULL,NULL
Salamanca,15,41,11,8,10,53,39,2ª,2004,42,NULL,NULL,NULL
Rayo Vallecano,16,40,11,7,16,58,50,2ª,2004,42,NULL,NULL,NULL
Leganés,17,39,9,12,15,53,59,2ª,2004,42,NULL,NULL,NULL
Xerez,18,34,9,7,22,36,56,2ª,2004,42,NULL,NULL,NULL
Terrassa,19,34,8,10,16,35,45,2ª,2004,42,NULL,NULL,NULL
Córdoba,20,33,8,9,16,45,46,2ª,2004,42,NULL,NULL,NULL
Las Palmas,21,30,7,9,14,38,44,2ª,2004,42,NULL,NULL,NULL
Algeciras,22,26,6,8,17,40,53,2ª,2004,42,NULL,NULL,NULL
Real Madrid,1,72,21,9,8,45,29,1ª,2005,38,NULL,NULL,1
Barcelona,2,70,20,10,6,41,21,1ª,2005,38,NULL,NULL,1
At. Madrid,3,68,20,8,6,49,29,1ª,2005,38,NULL,NULL,1
Betis,4,68,18,14,13,29,36,1ª,2005,38,NULL,NULL,1
Málaga,5,64,17,13,7,72,47,1ª,2005,38,NULL,NULL,1
Villarreal,6,62,18,8,17,38,51,1ª,2005,38,NULL,NULL,NULL
Espanyol,7,59,16,11,7,48,27,1ª,2005,38,NULL,NULL,NULL
Valencia,8,52,14,10,12,37,33,1ª,2005,38,NULL,NULL,NULL
Sevilla,9,51,13,12,10,45,29,1ª,2005,38,NULL,NULL,NULL
Zaragoza,10,50,12,14,10,36,36,1ª,2005,38,NULL,NULL,NULL
Getafe,11,50,13,11,15,37,48,1ª,2005,38,NULL,NULL,NULL
Rac. Santander,12,47,13,8,12,41,37,1ª,2005,38,NULL,NULL,NULL
Ath. Bilbao,13,45,12,9,13,41,38,1ª,2005,38,NULL,NULL,NULL
Mallorca,14,42,11,9,14,37,33,1ª,2005,38,NULL,NULL,NULL
Osasuna,15,41,11,8,17,32,49,1ª,2005,38,NULL,NULL,NULL
Numancia,16,41,8,17,15,33,50,1ª,2005,38,NULL,NULL,NULL
Real Sociedad,17,41,11,8,13,37,39,1ª,2005,38,NULL,NULL,NULL
Dptivo. Coruña,18,34,7,13,14,22,44,1ª,2005,38,NULL,NULL,NULL
Levante,19,28,7,7,21,37,48,1ª,2005,38,NULL,1,NULL
Albacete,20,25,6,7,19,35,62,1ª,2005,38,NULL,1,NULL
Cádiz,1,59,16,11,13,51,45,2ª,2005,42,1,NULL,NULL
Elche,2,58,16,10,8,48,28,2ª,2005,42,1,NULL,NULL
Celta,3,57,16,9,15,30,37,2ª,2005,42,1,NULL,NULL
Éibar,4,57,13,18,12,36,42,2ª,2005,42,NULL,NULL,NULL
Valladolid,5,54,14,12,11,42,32,2ª,2005,42,NULL,NULL,NULL
Málaga B,6,52,12,16,15,46,56,2ª,2005,42,NULL,NULL,NULL
Terrassa,7,52,14,10,16,35,45,2ª,2005,42,NULL,NULL,NULL
Lleida,8,51,13,12,11,53,37,2ª,2005,42,NULL,NULL,NULL
Murcia,9,51,13,12,8,61,26,2ª,2005,42,NULL,NULL,NULL
Rec. Huelva,10,50,13,11,15,39,43,2ª,2005,42,NULL,NULL,NULL
Ejido,11,50,12,14,16,41,48,2ª,2005,42,NULL,NULL,NULL
Tenerife,12,48,13,9,16,36,38,2ª,2005,42,NULL,NULL,NULL
Granada 74,13,46,10,16,15,51,63,2ª,2005,42,NULL,NULL,NULL
Ferrol,14,46,13,7,27,22,80,2ª,2005,42,NULL,NULL,NULL
Alavés,15,43,12,7,18,35,45,2ª,2005,42,NULL,NULL,NULL
Gimn. Tarragona,16,42,11,9,17,35,48,2ª,2005,42,NULL,NULL,NULL
Almería,17,41,9,14,14,42,47,2ª,2005,42,NULL,NULL,NULL
Salamanca,18,41,11,8,10,53,39,2ª,2005,42,NULL,NULL,NULL
Sporting Gijón,19,40,11,7,16,32,37,2ª,2005,42,NULL,NULL,NULL
Pontevedra,20,34,8,10,18,37,50,2ª,2005,42,NULL,NULL,NULL
Córdoba,21,30,7,9,16,45,46,2ª,2005,42,NULL,NULL,NULL
Xerez,22,28,7,7,22,36,56,2ª,2005,42,NULL,NULL,NULL
Barcelona,1,73,21,10,6,41,21,1ª,2006,38,NULL,NULL,1
Celta,2,66,19,9,15,30,37,1ª,2006,38,NULL,NULL,1
Real Madrid,3,60,17,9,8,45,29,1ª,2006,38,NULL,NULL,1
Sevilla,4,57,15,12,10,45,29,1ª,2006,38,NULL,NULL,1
Betis,5,56,14,14,13,29,36,1ª,2006,38,NULL,NULL,1
At. Madrid,6,56,16,8,6,49,29,1ª,2006,38,NULL,NULL,NULL
Osasuna,7,50,14,8,17,32,49,1ª,2006,38,NULL,NULL,NULL
Valencia,8,49,13,10,12,37,33,1ª,2006,38,NULL,NULL,NULL
Málaga,9,49,12,13,7,72,47,1ª,2006,38,NULL,NULL,NULL
Villarreal,10,47,13,8,17,38,51,1ª,2006,38,NULL,NULL,NULL
Espanyol,11,44,11,11,7,48,27,1ª,2006,38,NULL,NULL,NULL
Mallorca,12,42,11,9,14,37,33,1ª,2006,38,NULL,NULL,NULL
Getafe,13,41,10,11,15,37,48,1ª,2006,38,NULL,NULL,NULL
Real Sociedad,14,38,10,8,13,37,39,1ª,2006,38,NULL,NULL,NULL
Zaragoza,15,35,7,14,10,36,36,1ª,2006,38,NULL,NULL,NULL
Rac. Santander,16,35,9,8,12,41,37,1ª,2006,38,NULL,NULL,NULL
Cádiz,17,35,8,11,13,51,45,1ª,2006,38,NULL,NULL,NULL
Dptivo. Coruña,18,34,7,13,14,22,44,1ª,2006,38,NULL,NULL,NULL
Ath. Bilbao,19,33,8,9,13,41,38,1ª,2006,38,NULL,1,NULL
Alavés,20,28,7,7,18,35,45,1ª,2006,38,NULL,1,NULL
Almería,1,71,19,14,14,42,47,2ª,2006,42,1,NULL,NULL
Granada 74,2,70,18,16,15,51,63,2ª,2006,42,1,NULL,NULL
Numancia,3,65,16,17,15,33,50,2ª,2006,42,1,NULL,NULL
Murcia,4,63,17,12,8,61,26,2ª,2006,42,NULL,NULL,NULL
Rec. Huelva,5,59,16,11,15,39,43,2ª,2006,42,NULL,NULL,NULL
Ejido,6,53,13,14,16,41,48,2ª,2006,42,NULL,NULL,NULL
Málaga B,7,52,12,16,15,46,56,2ª,2006,42,NULL,NULL,NULL
Elche,8,52,14,10,8,48,28,2ª,2006,42,NULL,NULL,NULL
Levante,9,49,14,7,21,37,48,2ª,2006,42,NULL,NULL,NULL
Valladolid,10,48,12,12,11,42,32,2ª,2006,42,NULL,NULL,NULL
Lleida,11,48,12,12,11,53,37,2ª,2006,42,NULL,NULL,NULL
Gimn. Tarragona,12,48,13,9,17,35,48,2ª,2006,42,NULL,NULL,NULL
Real Madrid B,13,48,14,6,14,55,45,2ª,2006,42,NULL,NULL,NULL
Albacete,14,46,13,7,19,35,62,2ª,2006,42,NULL,NULL,NULL
Hércules,15,46,13,7,15,42,39,2ª,2006,42,NULL,NULL,NULL
Tenerife,16,45,12,9,16,36,38,2ª,2006,42,NULL,NULL,NULL
Lorca,17,45,12,9,19,23,59,2ª,2006,42,NULL,NULL,NULL
Castellón,18,45,12,9,12,44,38,2ª,2006,42,NULL,NULL,NULL
Xerez,19,40,11,7,22,36,56,2ª,2006,42,NULL,NULL,NULL
Sporting Gijón,20,34,9,7,16,32,37,2ª,2006,42,NULL,NULL,NULL
Ferrol,21,34,9,7,27,22,80,2ª,2006,42,NULL,NULL,NULL
Éibar,22,33,5,18,12,36,42,2ª,2006,42,NULL,NULL,NULL
Barcelona,1,70,20,10,6,41,21,1ª,2007,38,NULL,NULL,1
Sevilla,2,66,18,12,10,45,29,1ª,2007,38,NULL,NULL,1
Real Madrid,3,63,18,9,8,45,29,1ª,2007,38,NULL,NULL,1
Valencia,4,61,17,10,12,37,33,1ª,2007,38,NULL,NULL,1
At. Madrid,5,59,17,8,6,49,29,1ª,2007,38,NULL,NULL,1
Zaragoza,6,53,13,14,10,36,36,1ª,2007,38,NULL,NULL,NULL
Villarreal,7,50,14,8,17,38,51,1ª,2007,38,NULL,NULL,NULL
Rac. Santander,8,50,14,8,12,41,37,1ª,2007,38,NULL,NULL,NULL
Mallorca,9,48,13,9,14,37,33,1ª,2007,38,NULL,NULL,NULL
Rec. Huelva,10,47,12,11,15,39,43,1ª,2007,38,NULL,NULL,NULL
Betis,11,44,10,14,13,29,36,1ª,2007,38,NULL,NULL,NULL
Getafe,12,44,11,11,15,37,48,1ª,2007,38,NULL,NULL,NULL
Espanyol,13,44,11,11,7,48,27,1ª,2007,38,NULL,NULL,NULL
Dptivo. Coruña,14,43,10,13,14,22,44,1ª,2007,38,NULL,NULL,NULL
Celta,15,39,10,9,15,30,37,1ª,2007,38,NULL,NULL,NULL
Osasuna,16,32,8,8,17,32,49,1ª,2007,38,NULL,NULL,NULL
Real Sociedad,17,32,8,8,13,37,39,1ª,2007,38,NULL,NULL,NULL
Ath. Bilbao,18,30,7,9,13,41,38,1ª,2007,38,NULL,NULL,NULL
Levante,19,28,7,7,21,37,48,1ª,2007,38,NULL,1,NULL
Gimn. Tarragona,20,24,5,9,17,35,48,1ª,2007,38,NULL,1,NULL
Almería,1,74,20,14,14,42,47,2ª,2007,42,1,NULL,NULL
Granada 74,2,73,19,16,15,51,63,2ª,2007,42,1,NULL,NULL
Murcia,3,72,20,12,8,61,26,2ª,2007,42,1,NULL,NULL
Valladolid,4,69,19,12,11,42,32,2ª,2007,42,NULL,NULL,NULL
Málaga,5,67,18,13,7,72,47,2ª,2007,42,NULL,NULL,NULL
Numancia,6,62,15,17,15,33,50,2ª,2007,42,NULL,NULL,NULL
Ejido,7,56,14,14,16,41,48,2ª,2007,42,NULL,NULL,NULL
Elche,8,55,15,10,8,48,28,2ª,2007,42,NULL,NULL,NULL
Tenerife,9,51,14,9,16,36,38,2ª,2007,42,NULL,NULL,NULL
Salamanca,10,47,13,8,10,53,39,2ª,2007,42,NULL,NULL,NULL
Xerez,11,46,13,7,22,36,56,2ª,2007,42,NULL,NULL,NULL
Ponferradina,12,46,11,13,18,45,61,2ª,2007,42,NULL,NULL,NULL
Las Palmas,13,45,12,9,14,38,44,2ª,2007,42,NULL,NULL,NULL
Real Madrid B,14,45,13,6,14,55,45,2ª,2007,42,NULL,NULL,NULL
Castellón,15,45,12,9,12,44,38,2ª,2007,42,NULL,NULL,NULL
Cádiz,16,41,10,11,13,51,45,2ª,2007,42,NULL,NULL,NULL
Hércules,17,40,11,7,15,42,39,2ª,2007,42,NULL,NULL,NULL
Albacete,18,37,10,7,19,35,62,2ª,2007,42,NULL,NULL,NULL
Sporting Gijón,19,37,10,7,16,32,37,2ª,2007,42,NULL,NULL,NULL
Vecindario,20,34,9,7,26,42,81,2ª,2007,42,NULL,NULL,NULL
Alavés,21,34,9,7,18,35,45,2ª,2007,42,NULL,NULL,NULL
Lorca,22,33,8,9,19,23,59,2ª,2007,42,NULL,NULL,NULL
Real Madrid,1,78,23,9,8,45,29,1ª,2008,38,NULL,NULL,1
At. Madrid,2,71,21,8,6,49,29,1ª,2008,38,NULL,NULL,1
Barcelona,3,70,20,10,6,41,21,1ª,2008,38,NULL,NULL,1
Sevilla,4,60,16,12,10,45,29,1ª,2008,38,NULL,NULL,1
Rac. Santander,5,56,16,8,12,41,37,1ª,2008,38,NULL,NULL,1
Villarreal,6,56,16,8,17,38,51,1ª,2008,38,NULL,NULL,NULL
Betis,7,53,13,14,13,29,36,1ª,2008,38,NULL,NULL,NULL
Mallorca,8,51,14,9,14,37,33,1ª,2008,38,NULL,NULL,NULL
Almería,9,50,12,14,14,42,47,1ª,2008,38,NULL,NULL,NULL
Murcia,10,48,12,12,8,61,26,1ª,2008,38,NULL,NULL,NULL
Espanyol,11,47,12,11,7,48,27,1ª,2008,38,NULL,NULL,NULL
Valladolid,12,45,11,12,11,42,32,1ª,2008,38,NULL,NULL,NULL
Zaragoza,13,44,10,14,10,36,36,1ª,2008,38,NULL,NULL,NULL
Dptivo. Coruña,14,43,10,13,14,22,44,1ª,2008,38,NULL,NULL,NULL
Valencia,15,40,10,10,12,37,33,1ª,2008,38,NULL,NULL,NULL
Rec. Huelva,16,38,9,11,15,39,43,1ª,2008,38,NULL,NULL,NULL
Osasuna,17,38,10,8,17,32,49,1ª,2008,38,NULL,NULL,NULL
Getafe,18,38,9,11,15,37,48,1ª,2008,38,NULL,NULL,NULL
Ath. Bilbao,19,33,8,9,13,41,38,1ª,2008,38,NULL,1,NULL
Levante,20,25,6,7,21,37,48,1ª,2008,38,NULL,1,NULL
Málaga,1,76,21,13,7,72,47,2ª,2008,42,1,NULL,NULL
Numancia,2,62,15,17,15,33,50,2ª,2008,42,1,NULL,NULL
Éibar,3,57,13,18,12,36,42,2ª,2008,42,1,NULL,NULL
Sevilla B,4,56,14,14,14,43,48,2ª,2008,42,NULL,NULL,NULL
Elche,5,55,15,10,8,48,28,2ª,2008,42,NULL,NULL,NULL
Ejido,6,53,13,14,16,41,48,2ª,2008,42,NULL,NULL,NULL
Granada 74,7,52,12,16,15,51,63,2ª,2008,42,NULL,NULL,NULL
Tenerife,8,51,14,9,16,36,38,2ª,2008,42,NULL,NULL,NULL
Castellón,9,51,14,9,12,44,38,2ª,2008,42,NULL,NULL,NULL
Celta,10,48,13,9,15,30,37,2ª,2008,42,NULL,NULL,NULL
Cádiz,11,47,12,11,13,51,45,2ª,2008,42,NULL,NULL,NULL
Salamanca,12,47,13,8,10,53,39,2ª,2008,42,NULL,NULL,NULL
Real Sociedad,13,44,12,8,13,37,39,2ª,2008,42,NULL,NULL,NULL
Sporting Gijón,14,43,12,7,16,32,37,2ª,2008,42,NULL,NULL,NULL
Ferrol,15,43,12,7,27,22,80,2ª,2008,42,NULL,NULL,NULL
Las Palmas,16,42,11,9,14,38,44,2ª,2008,42,NULL,NULL,NULL
Albacete,17,40,11,7,19,35,62,2ª,2008,42,NULL,NULL,NULL
Xerez,18,40,11,7,22,36,56,2ª,2008,42,NULL,NULL,NULL
Gimn. Tarragona,19,39,10,9,17,35,48,2ª,2008,42,NULL,NULL,NULL
Hércules,20,37,10,7,15,42,39,2ª,2008,42,NULL,NULL,NULL
Alavés,21,34,9,7,18,35,45,2ª,2008,42,NULL,NULL,NULL
Córdoba,22,30,7,9,16,45,46,2ª,2008,42,NULL,NULL,NULL
At. Madrid,1,74,22,8,6,49,29,1ª,2009,38,NULL,NULL,1
Barcelona,2,70,20,10,6,41,21,1ª,2009,38,NULL,NULL,1
Real Madrid,3,69,20,9,8,45,29,1ª,2009,38,NULL,NULL,1
Málaga,4,64,17,13,7,72,47,1ª,2009,38,NULL,NULL,1
Numancia,5,56,13,17,15,33,50,1ª,2009,38,NULL,NULL,1
Villarreal,6,56,16,8,17,38,51,1ª,2009,38,NULL,NULL,NULL
Almería,7,56,14,14,14,42,47,1ª,2009,38,NULL,NULL,NULL
Valencia,8,55,15,10,12,37,33,1ª,2009,38,NULL,NULL,NULL
Sevilla,9,54,14,12,10,45,29,1ª,2009,38,NULL,NULL,NULL
Valladolid,10,51,13,12,11,42,32,1ª,2009,38,NULL,NULL,NULL
Mallorca,11,51,14,9,14,37,33,1ª,2009,38,NULL,NULL,NULL
Espanyol,12,47,12,11,7,48,27,1ª,2009,38,NULL,NULL,NULL
Dptivo. Coruña,13,46,11,13,14,22,44,1ª,2009,38,NULL,NULL,NULL
Betis,14,44,10,14,13,29,36,1ª,2009,38,NULL,NULL,NULL
Ath. Bilbao,15,39,10,9,13,41,38,1ª,2009,38,NULL,NULL,NULL
Getafe,16,38,9,11,15,37,48,1ª,2009,38,NULL,NULL,NULL
Rac. Santander,17,38,10,8,12,41,37,1ª,2009,38,NULL,NULL,NULL
Osasuna,18,38,10,8,17,32,49,1ª,2009,38,NULL,NULL,NULL
Sporting Gijón,19,34,9,7,16,32,37,1ª,2009,38,NULL,1,NULL
Rec. Huelva,20,32,7,11,15,39,43,1ª,2009,38,NULL,1,NULL
Tenerife,1,63,18,9,16,36,38,2ª,2009,42,1,NULL,NULL
Murcia,2,63,17,12,8,61,26,2ª,2009,42,1,NULL,NULL
Zaragoza,3,62,16,14,10,36,36,2ª,2009,42,1,NULL,NULL
Xerez,4,55,16,7,22,36,56,2ª,2009,42,NULL,NULL,NULL
Salamanca,5,53,15,8,10,53,39,2ª,2009,42,NULL,NULL,NULL
Huesca,6,53,13,14,15,47,46,2ª,2009,42,NULL,NULL,NULL
Hércules,7,52,15,7,15,42,39,2ª,2009,42,NULL,NULL,NULL
Girona,8,49,11,16,15,43,54,2ª,2009,42,NULL,NULL,NULL
Rayo Vallecano,9,49,14,7,16,58,50,2ª,2009,42,NULL,NULL,NULL
Elche,10,49,13,10,8,48,28,2ª,2009,42,NULL,NULL,NULL
Celta,11,48,13,9,15,30,37,2ª,2009,42,NULL,NULL,NULL
Levante,12,46,13,7,21,37,48,2ª,2009,42,NULL,NULL,NULL
Córdoba,13,45,12,9,16,45,46,2ª,2009,42,NULL,NULL,NULL
Éibar,14,42,8,18,12,36,42,2ª,2009,42,NULL,NULL,NULL
Castellón,15,42,11,9,12,44,38,2ª,2009,42,NULL,NULL,NULL
Gimn. Tarragona,16,42,11,9,17,35,48,2ª,2009,42,NULL,NULL,NULL
Albacete,17,40,11,7,19,35,62,2ª,2009,42,NULL,NULL,NULL
Real Sociedad,18,38,10,8,13,37,39,2ª,2009,42,NULL,NULL,NULL
Las Palmas,19,36,9,9,14,38,44,2ª,2009,42,NULL,NULL,NULL
Alicante,20,35,8,11,23,38,69,2ª,2009,42,NULL,NULL,NULL
Sevilla B,21,35,7,14,14,43,48,2ª,2009,42,NULL,NULL,NULL
Alavés,22,31,8,7,18,35,45,2ª,2009,42,NULL,NULL,NULL
Barcelona,1,82,24,10,6,41,21,1ª,2010,38,NULL,NULL,1
Real Madrid,2,81,24,9,8,45,29,1ª,2010,38,NULL,NULL,1
Mallorca,3,69,20,9,14,37,33,1ª,2010,38,NULL,NULL,1
At. Madrid,4,68,20,8,6,49,29,1ª,2010,38,NULL,NULL,1
Villarreal,5,59,17,8,17,38,51,1ª,2010,38,NULL,NULL,1
Valencia,6,58,16,10,12,37,33,1ª,2010,38,NULL,NULL,NULL
Málaga,7,55,14,13,7,72,47,1ª,2010,38,NULL,NULL,NULL
Sevilla,8,51,13,12,10,45,29,1ª,2010,38,NULL,NULL,NULL
Espanyol,9,50,13,11,7,48,27,1ª,2010,38,NULL,NULL,NULL
Getafe,10,50,13,11,15,37,48,1ª,2010,38,NULL,NULL,NULL
Almería,11,47,11,14,14,42,47,1ª,2010,38,NULL,NULL,NULL
Ath. Bilbao,12,45,12,9,13,41,38,1ª,2010,38,NULL,NULL,NULL
Dptivo. Coruña,13,43,10,13,14,22,44,1ª,2010,38,NULL,NULL,NULL
Tenerife,14,42,11,9,16,36,38,1ª,2010,38,NULL,NULL,NULL
Valladolid,15,39,9,12,11,42,32,1ª,2010,38,NULL,NULL,NULL
Zaragoza,16,38,8,14,10,36,36,1ª,2010,38,NULL,NULL,NULL
Osasuna,17,35,9,8,17,32,49,1ª,2010,38,NULL,NULL,NULL
Rac. Santander,18,35,9,8,12,41,37,1ª,2010,38,NULL,NULL,NULL
Sporting Gijón,19,31,8,7,16,32,37,1ª,2010,38,NULL,1,NULL
Xerez,20,28,7,7,22,36,56,1ª,2010,38,NULL,1,NULL
Betis,1,68,18,14,13,29,36,2ª,2010,42,1,NULL,NULL
Cartagena,2,65,18,11,13,58,49,2ª,2010,42,1,NULL,NULL
Hércules,3,64,19,7,15,42,39,2ª,2010,42,1,NULL,NULL
Villarreal B,4,61,16,13,13,60,56,2ª,2010,42,NULL,NULL,NULL
Real Sociedad,5,59,17,8,13,37,39,2ª,2010,42,NULL,NULL,NULL
Numancia,6,56,13,17,15,33,50,2ª,2010,42,NULL,NULL,NULL
Elche,7,55,15,10,8,48,28,2ª,2010,42,NULL,NULL,NULL
Celta,8,51,14,9,15,30,37,2ª,2010,42,NULL,NULL,NULL
Cádiz,9,50,13,11,13,51,45,2ª,2010,42,NULL,NULL,NULL
Levante,10,49,14,7,21,37,48,2ª,2010,42,NULL,NULL,NULL
Rec. Huelva,11,47,12,11,15,39,43,2ª,2010,42,NULL,NULL,NULL
Real Unión,12,46,12,10,20,40,59,2ª,2010,42,NULL,NULL,NULL
Girona,13,46,10,16,15,43,54,2ª,2010,42,NULL,NULL,NULL
Córdoba,14,45,12,9,16,45,46,2ª,2010,42,NULL,NULL,NULL
Murcia,15,45,11,12,8,61,26,2ª,2010,42,NULL,NULL,NULL
Huesca,16,44,10,14,15,47,46,2ª,2010,42,NULL,NULL,NULL
Rayo Vallecano,17,43,12,7,16,58,50,2ª,2010,42,NULL,NULL,NULL
Salamanca,18,41,11,8,10,53,39,2ª,2010,42,NULL,NULL,NULL
Las Palmas,19,36,9,9,14,38,44,2ª,2010,42,NULL,NULL,NULL
Albacete,20,34,9,7,19,35,62,2ª,2010,42,NULL,NULL,NULL
Castellón,21,33,8,9,12,44,38,2ª,2010,42,NULL,NULL,NULL
Gimn. Tarragona,22,30,7,9,17,35,48,2ª,2010,42,NULL,NULL,NULL
Barcelona,1,76,22,10,6,41,21,1ª,2011,38,NULL,NULL,1
Real Madrid,2,75,22,9,8,45,29,1ª,2011,38,NULL,NULL,1
At. Madrid,3,65,19,8,6,49,29,1ª,2011,38,NULL,NULL,1
Málaga,4,61,16,13,7,72,47,1ª,2011,38,NULL,NULL,1
Villarreal,5,59,17,8,17,38,51,1ª,2011,38,NULL,NULL,1
Espanyol,6,56,15,11,7,48,27,1ª,2011,38,NULL,NULL,NULL
Mallorca,7,51,14,9,14,37,33,1ª,2011,38,NULL,NULL,NULL
Sevilla,8,51,13,12,10,45,29,1ª,2011,38,NULL,NULL,NULL
Valencia,9,49,13,10,12,37,33,1ª,2011,38,NULL,NULL,NULL
Ath. Bilbao,10,48,13,9,13,41,38,1ª,2011,38,NULL,NULL,NULL
Real Sociedad,11,47,13,8,13,37,39,1ª,2011,38,NULL,NULL,NULL
Rac. Santander,12,47,13,8,12,41,37,1ª,2011,38,NULL,NULL,NULL
Getafe,13,44,11,11,15,37,48,1ª,2011,38,NULL,NULL,NULL
Osasuna,14,44,12,8,17,32,49,1ª,2011,38,NULL,NULL,NULL
Zaragoza,15,44,10,14,10,36,36,1ª,2011,38,NULL,NULL,NULL
Dptivo. Coruña,16,40,9,13,14,22,44,1ª,2011,38,NULL,NULL,NULL
Sporting Gijón,17,37,10,7,16,32,37,1ª,2011,38,NULL,NULL,NULL
Hércules,18,37,10,7,15,42,39,1ª,2011,38,NULL,NULL,NULL
Levante,19,37,10,7,21,37,48,1ª,2011,38,NULL,1,NULL
Almería,20,32,6,14,14,42,47,1ª,2011,38,NULL,1,NULL
Betis,1,83,23,14,13,29,36,2ª,2011,42,1,NULL,NULL
Valladolid,2,72,20,12,11,42,32,2ª,2011,42,1,NULL,NULL
Cartagena,3,68,19,11,13,58,49,2ª,2011,42,1,NULL,NULL
Numancia,4,68,17,17,15,33,50,2ª,2011,42,NULL,NULL,NULL
Elche,5,61,17,10,8,48,28,2ª,2011,42,NULL,NULL,NULL
Granada,6,59,16,11,14,25,32,2ª,2011,42,NULL,NULL,NULL
Alcorcón,7,58,17,7,18,57,52,2ª,2011,42,NULL,NULL,NULL
Barcelona B,8,57,15,12,13,46,52,2ª,2011,42,NULL,NULL,NULL
Rayo Vallecano,9,55,16,7,16,58,50,2ª,2011,42,NULL,NULL,NULL
Girona,10,55,13,16,15,43,54,2ª,2011,42,NULL,NULL,NULL
Villarreal B,11,55,14,13,13,60,56,2ª,2011,42,NULL,NULL,NULL
Celta,12,54,15,9,15,30,37,2ª,2011,42,NULL,NULL,NULL
Las Palmas,13,45,12,9,14,38,44,2ª,2011,42,NULL,NULL,NULL
Huesca,14,44,10,14,15,47,46,2ª,2011,42,NULL,NULL,NULL
Salamanca,15,41,11,8,10,53,39,2ª,2011,42,NULL,NULL,NULL
Rec. Huelva,16,41,10,11,15,39,43,2ª,2011,42,NULL,NULL,NULL
Xerez,17,40,11,7,22,36,56,2ª,2011,42,NULL,NULL,NULL
Gimn. Tarragona,18,36,9,9,17,35,48,2ª,2011,42,NULL,NULL,NULL
Córdoba,19,36,9,9,16,45,46,2ª,2011,42,NULL,NULL,NULL
Tenerife,20,36,9,9,16,36,38,2ª,2011,42,NULL,NULL,NULL
Ponferradina,21,31,6,13,18,45,61,2ª,2011,42,NULL,NULL,NULL
Albacete,22,28,7,7,19,35,62,2ª,2011,42,NULL,NULL,NULL
Celta,23,30,7,9,15,30,37,Promoción 1ª/2ª,2011,0,1,NULL,NULL
Valladolid,24,30,6,12,11,42,32,Promoción 1ª/2ª,2011,0,1,NULL,NULL
Elche,25,28,6,10,8,48,28,Promoción 1ª/2ª,2011,0,1,NULL,NULL
Granada,26,17,2,11,14,25,32,Promoción 1ª/2ª,2011,0,1,NULL,NULL
Barcelona,1,79,23,10,6,41,21,1ª,2012,38,NULL,NULL,1
Málaga,2,79,22,13,7,72,47,1ª,2012,38,NULL,NULL,1
Real Madrid,3,75,22,9,8,45,29,1ª,2012,38,NULL,NULL,1
At. Madrid,4,68,20,8,6,49,29,1ª,2012,38,NULL,NULL,1
Betis,5,53,13,14,13,29,36,1ª,2012,38,NULL,NULL,1
Valencia,6,52,14,10,12,37,33,1ª,2012,38,NULL,NULL,NULL
Mallorca,7,51,14,9,14,37,33,1ª,2012,38,NULL,NULL,NULL
Espanyol,8,50,13,11,7,48,27,1ª,2012,38,NULL,NULL,NULL
Sevilla,9,48,12,12,10,45,29,1ª,2012,38,NULL,NULL,NULL
Osasuna,10,44,12,8,17,32,49,1ª,2012,38,NULL,NULL,NULL
Levante,11,43,12,7,21,37,48,1ª,2012,38,NULL,NULL,NULL
Zaragoza,12,41,9,14,10,36,36,1ª,2012,38,NULL,NULL,NULL
Real Sociedad,13,41,11,8,13,37,39,1ª,2012,38,NULL,NULL,NULL
Getafe,14,41,10,11,15,37,48,1ª,2012,38,NULL,NULL,NULL
Rayo Vallecano,15,40,11,7,16,58,50,1ª,2012,38,NULL,NULL,NULL
Villarreal,16,38,10,8,17,38,51,1ª,2012,38,NULL,NULL,NULL
Granada,17,38,9,11,14,25,32,1ª,2012,38,NULL,NULL,NULL
Ath. Bilbao,18,36,9,9,13,41,38,1ª,2012,38,NULL,NULL,NULL
Rac. Santander,19,32,8,8,12,41,37,1ª,2012,38,NULL,1,NULL
Sporting Gijón,20,31,8,7,16,32,37,1ª,2012,38,NULL,1,NULL
Celta,1,72,21,9,15,30,37,2ª,2012,42,1,NULL,NULL
Dptivo. Coruña,2,70,19,13,14,22,44,2ª,2012,42,1,NULL,NULL
Valladolid,3,69,19,12,11,42,32,2ª,2012,42,1,NULL,NULL
Numancia,4,65,16,17,15,33,50,2ª,2012,42,NULL,NULL,NULL
Almería,5,56,14,14,14,42,47,2ª,2012,42,NULL,NULL,NULL
Alcorcón,6,55,16,7,18,57,52,2ª,2012,42,NULL,NULL,NULL
Villarreal B,7,55,14,13,13,60,56,2ª,2012,42,NULL,NULL,NULL
Córdoba,8,54,15,9,16,45,46,2ª,2012,42,NULL,NULL,NULL
Cartagena,9,53,14,11,13,58,49,2ª,2012,42,NULL,NULL,NULL
Elche,10,52,14,10,8,48,28,2ª,2012,42,NULL,NULL,NULL
Murcia,11,51,13,12,8,61,26,2ª,2012,42,NULL,NULL,NULL
Barcelona B,12,51,13,12,13,46,52,2ª,2012,42,NULL,NULL,NULL
Hércules,13,49,14,7,15,42,39,2ª,2012,42,NULL,NULL,NULL
Guadalajara,14,49,14,7,21,50,75,2ª,2012,42,NULL,NULL,NULL
Girona,15,49,11,16,15,43,54,2ª,2012,42,NULL,NULL,NULL
Las Palmas,16,48,13,9,14,38,44,2ª,2012,42,NULL,NULL,NULL
Huesca,17,47,11,14,15,47,46,2ª,2012,42,NULL,NULL,NULL
Sabadell,18,42,10,12,14,45,50,2ª,2012,42,NULL,NULL,NULL
Rec. Huelva,19,38,9,11,15,39,43,2ª,2012,42,NULL,NULL,NULL
Alcoyano,20,37,9,10,23,46,78,2ª,2012,42,NULL,NULL,NULL
Xerez,21,34,9,7,22,36,56,2ª,2012,42,NULL,NULL,NULL
Gimn. Tarragona,22,21,4,9,17,35,48,2ª,2012,42,NULL,NULL,NULL
Valladolid,23,30,6,12,11,42,32,Promoción 1ª/2ª,2012,0,1,NULL,NULL
Barcelona,1,82,24,10,6,41,21,1ª,2013,38,NULL,NULL,1
Real Madrid,2,78,23,9,8,45,29,1ª,2013,38,NULL,NULL,1
At. Madrid,3,77,23,8,6,49,29,1ª,2013,38,NULL,NULL,1
Málaga,4,70,19,13,7,72,47,1ª,2013,38,NULL,NULL,1
Sevilla,5,60,16,12,10,45,29,1ª,2013,38,NULL,NULL,1
Betis,6,59,15,14,13,29,36,1ª,2013,38,NULL,NULL,NULL
Valencia,7,58,16,10,12,37,33,1ª,2013,38,NULL,NULL,NULL
Valladolid,8,48,12,12,11,42,32,1ª,2013,38,NULL,NULL,NULL
Celta,9,48,13,9,15,30,37,1ª,2013,38,NULL,NULL,NULL
Mallorca,10,45,12,9,14,37,33,1ª,2013,38,NULL,NULL,NULL
Real Sociedad,11,44,12,8,13,37,39,1ª,2013,38,NULL,NULL,NULL
Getafe,12,44,11,11,15,37,48,1ª,2013,38,NULL,NULL,NULL
Rayo Vallecano,13,43,12,7,16,58,50,1ª,2013,38,NULL,NULL,NULL
Espanyol,14,41,10,11,7,48,27,1ª,2013,38,NULL,NULL,NULL
Ath. Bilbao,15,36,9,9,13,41,38,1ª,2013,38,NULL,NULL,NULL
Osasuna,16,35,9,8,17,32,49,1ª,2013,38,NULL,NULL,NULL
Dptivo. Coruña,17,34,7,13,14,22,44,1ª,2013,38,NULL,NULL,NULL
Levante,18,34,9,7,21,37,48,1ª,2013,38,NULL,NULL,NULL
Zaragoza,19,32,6,14,10,36,36,1ª,2013,38,NULL,1,NULL
Granada,20,32,7,11,14,25,32,1ª,2013,38,NULL,1,NULL
Elche,1,70,20,10,8,48,28,2ª,2013,42,1,NULL,NULL
Girona,2,67,17,16,15,43,54,2ª,2013,42,1,NULL,NULL
Villarreal,3,62,18,8,17,38,51,2ª,2013,42,1,NULL,NULL
Numancia,4,62,15,17,15,33,50,2ª,2013,42,NULL,NULL,NULL
Almería,5,59,15,14,14,42,47,2ª,2013,42,NULL,NULL,NULL
Alcorcón,6,58,17,7,18,57,52,2ª,2013,42,NULL,NULL,NULL
Real Madrid B,7,57,17,6,14,55,45,2ª,2013,42,NULL,NULL,NULL
Murcia,8,54,14,12,8,61,26,2ª,2013,42,NULL,NULL,NULL
Rec. Huelva,9,53,14,11,15,39,43,2ª,2013,42,NULL,NULL,NULL
Ponferradina,10,52,13,13,18,45,61,2ª,2013,42,NULL,NULL,NULL
Mirandés,11,52,13,13,16,35,51,2ª,2013,42,NULL,NULL,NULL
Guadalajara,12,49,14,7,21,50,75,2ª,2013,42,NULL,NULL,NULL
Las Palmas,13,48,13,9,14,38,44,2ª,2013,42,NULL,NULL,NULL
Lugo,14,47,12,11,20,23,41,2ª,2013,42,NULL,NULL,NULL
Rac. Santander,15,47,13,8,12,41,37,2ª,2013,42,NULL,NULL,NULL
Córdoba,16,45,12,9,16,45,46,2ª,2013,42,NULL,NULL,NULL
Sabadell,17,45,11,12,14,45,50,2ª,2013,42,NULL,NULL,NULL
Barcelona B,18,45,11,12,13,46,52,2ª,2013,42,NULL,NULL,NULL
Huesca,19,44,10,14,15,47,46,2ª,2013,42,NULL,NULL,NULL
Hércules,20,40,11,7,15,42,39,2ª,2013,42,NULL,NULL,NULL
Sporting Gijón,21,40,11,7,16,32,37,2ª,2013,42,NULL,NULL,NULL
Xerez,22,22,5,7,22,36,56,2ª,2013,42,NULL,NULL,NULL
Almería,23,29,5,14,14,42,47,Promoción 1ª/2ª,2013,0,1,NULL,NULL
Girona,24,25,3,16,15,43,54,Promoción 1ª/2ª,2013,0,1,NULL,NULL
At. Madrid,1,80,24,8,6,49,29,1ª,2014,38,NULL,NULL,1
Barcelona,2,76,22,10,6,41,21,1ª,2014,38,NULL,NULL,1
Real Madrid,3,75,22,9,8,45,29,1ª,2014,38,NULL,NULL,1
Málaga,4,64,17,13,7,72,47,1ª,2014,38,NULL,NULL,1
Sevilla,5,54,14,12,10,45,29,1ª,2014,38,NULL,NULL,1
Ath. Bilbao,6,51,14,9,13,41,38,1ª,2014,38,NULL,NULL,NULL
Valencia,7,49,13,10,12,37,33,1ª,2014,38,NULL,NULL,NULL
Real Sociedad,8,47,13,8,13,37,39,1ª,2014,38,NULL,NULL,NULL
Betis,9,47,11,14,13,29,36,1ª,2014,38,NULL,NULL,NULL
Villarreal,10,47,13,8,17,38,51,1ª,2014,38,NULL,NULL,NULL
Valladolid,11,45,11,12,11,42,32,1ª,2014,38,NULL,NULL,NULL
Celta,12,45,12,9,15,30,37,1ª,2014,38,NULL,NULL,NULL
Espanyol,13,44,11,11,7,48,27,1ª,2014,38,NULL,NULL,NULL
Elche,14,43,11,10,8,48,28,1ª,2014,38,NULL,NULL,NULL
Almería,15,41,9,14,14,42,47,1ª,2014,38,NULL,NULL,NULL
Rayo Vallecano,16,40,11,7,16,58,50,1ª,2014,38,NULL,NULL,NULL
Getafe,17,35,8,11,15,37,48,1ª,2014,38,NULL,NULL,NULL
Granada,18,35,8,11,14,25,32,1ª,2014,38,NULL,NULL,NULL
Osasuna,19,32,8,8,17,32,49,1ª,2014,38,NULL,1,NULL
Levante,20,31,8,7,21,37,48,1ª,2014,38,NULL,1,NULL
Murcia,1,60,16,12,8,61,26,2ª,2014,42,1,NULL,NULL
Barcelona B,2,57,15,12,13,46,52,2ª,2014,42,1,NULL,NULL
Sabadell,3,57,15,12,14,45,50,2ª,2014,42,1,NULL,NULL
Éibar,4,57,13,18,12,36,42,2ª,2014,42,NULL,NULL,NULL
Mirandés,5,52,13,13,16,35,51,2ª,2014,42,NULL,NULL,NULL
Numancia,6,50,11,17,15,33,50,2ª,2014,42,NULL,NULL,NULL
Ponferradina,7,49,12,13,18,45,61,2ª,2014,42,NULL,NULL,NULL
Mallorca,8,48,13,9,14,37,33,2ª,2014,42,NULL,NULL,NULL
Tenerife,9,48,13,9,16,36,38,2ª,2014,42,NULL,NULL,NULL
Lugo,10,47,12,11,20,23,41,2ª,2014,42,NULL,NULL,NULL
Sporting Gijón,11,46,13,7,16,32,37,2ª,2014,42,NULL,NULL,NULL
Jaén,12,46,11,13,10,42,32,2ª,2014,42,NULL,NULL,NULL
Las Palmas,13,45,12,9,14,38,44,2ª,2014,42,NULL,NULL,NULL
Rec. Huelva,14,44,11,11,15,39,43,2ª,2014,42,NULL,NULL,NULL
Girona,15,43,9,16,15,43,54,2ª,2014,42,NULL,NULL,NULL
Alcorcón,16,43,12,7,18,57,52,2ª,2014,42,NULL,NULL,NULL
Real Madrid B,17,42,12,6,14,55,45,2ª,2014,42,NULL,NULL,NULL
Dptivo. Coruña,18,40,9,13,14,22,44,2ª,2014,42,NULL,NULL,NULL
Córdoba,19,39,10,9,16,45,46,2ª,2014,42,NULL,NULL,NULL
Zaragoza,20,38,8,14,10,36,36,2ª,2014,42,NULL,NULL,NULL
Hércules,21,34,9,7,15,42,39,2ª,2014,42,NULL,NULL,NULL
Alavés,22,28,7,7,18,35,45,2ª,2014,42,NULL,NULL,NULL
Las Palmas,23,18,3,9,14,38,44,Promoción 1ª/2ª,2014,0,1,NULL,NULL
At. Madrid,1,77,23,8,6,49,29,1ª,2015,38,NULL,NULL,1
Barcelona,2,76,22,10,6,41,21,1ª,2015,38,NULL,NULL,1
Real Madrid,3,75,22,9,8,45,29,1ª,2015,38,NULL,NULL,1
Málaga,4,64,17,13,7,72,47,1ª,2015,38,NULL,NULL,1
Valencia,5,64,18,10,12,37,33,1ª,2015,38,NULL,NULL,1
Sevilla,6,60,16,12,10,45,29,1ª,2015,38,NULL,NULL,NULL
Villarreal,7,56,16,8,17,38,51,1ª,2015,38,NULL,NULL,NULL
Celta,8,51,14,9,15,30,37,1ª,2015,38,NULL,NULL,NULL
Espanyol,9,47,12,11,7,48,27,1ª,2015,38,NULL,NULL,NULL
Elche,10,43,11,10,8,48,28,1ª,2015,38,NULL,NULL,NULL
Real Sociedad,11,41,11,8,13,37,39,1ª,2015,38,NULL,NULL,NULL
Rayo Vallecano,12,40,11,7,16,58,50,1ª,2015,38,NULL,NULL,NULL
Éibar,13,39,7,18,12,36,42,1ª,2015,38,NULL,NULL,NULL
Ath. Bilbao,14,36,9,9,13,41,38,1ª,2015,38,NULL,NULL,NULL
Getafe,15,35,8,11,15,37,48,1ª,2015,38,NULL,NULL,NULL
Almería,16,32,6,14,14,42,47,1ª,2015,38,NULL,NULL,NULL
Dptivo. Coruña,17,31,6,13,14,22,44,1ª,2015,38,NULL,NULL,NULL
Levante,18,28,7,7,21,37,48,1ª,2015,38,NULL,NULL,NULL
Granada,19,26,5,11,14,25,32,1ª,2015,38,NULL,1,NULL
Córdoba,20,15,2,9,16,45,46,1ª,2015,38,NULL,1,NULL
Betis,1,74,20,14,13,29,36,2ª,2015,42,1,NULL,NULL
Valladolid,2,63,17,12,11,42,32,2ª,2015,42,1,NULL,NULL
Las Palmas,3,60,17,9,14,38,44,2ª,2015,42,1,NULL,NULL
Llagostera,4,57,15,12,15,41,41,2ª,2015,42,NULL,NULL,NULL
Leganés,5,57,15,12,15,53,59,2ª,2015,42,NULL,NULL,NULL
Girona,6,55,13,16,15,43,54,2ª,2015,42,NULL,NULL,NULL
Mirandés,7,55,14,13,16,35,51,2ª,2015,42,NULL,NULL,NULL
Ponferradina,8,52,13,13,18,45,61,2ª,2015,42,NULL,NULL,NULL
Sporting Gijón,9,52,15,7,16,32,37,2ª,2015,42,NULL,NULL,NULL
Mallorca,10,51,14,9,14,37,33,2ª,2015,42,NULL,NULL,NULL
Numancia,11,50,11,17,15,33,50,2ª,2015,42,NULL,NULL,NULL
Zaragoza,12,47,11,14,10,36,36,2ª,2015,42,NULL,NULL,NULL
Tenerife,13,45,12,9,16,36,38,2ª,2015,42,NULL,NULL,NULL
Lugo,14,44,11,11,20,23,41,2ª,2015,42,NULL,NULL,NULL
Osasuna,15,41,11,8,17,32,49,2ª,2015,42,NULL,NULL,NULL
Rec. Huelva,16,41,10,11,15,39,43,2ª,2015,42,NULL,NULL,NULL
Rac. Santander,17,41,11,8,12,41,37,2ª,2015,42,NULL,NULL,NULL
Alavés,18,40,11,7,18,35,45,2ª,2015,42,NULL,NULL,NULL
Albacete,19,40,11,7,19,35,62,2ª,2015,42,NULL,NULL,NULL
Alcorcón,20,37,10,7,18,57,52,2ª,2015,42,NULL,NULL,NULL
Barcelona B,21,36,8,12,13,46,52,2ª,2015,42,NULL,NULL,NULL
Sabadell,22,36,8,12,14,45,50,2ª,2015,42,NULL,NULL,NULL
Zaragoza,23,20,2,14,10,36,36,Promoción 1ª/2ª,2015,0,1,NULL,NULL
Las Palmas,24,18,3,9,14,38,44,Promoción 1ª/2ª,2015,0,1,NULL,NULL
Barcelona,1,61,17,10,6,41,21,1ª,2016,23,NULL,NULL,1
At. Madrid,2,59,17,8,6,49,29,1ª,2016,23,NULL,NULL,1
Real Madrid,3,57,16,9,8,45,29,1ª,2016,23,NULL,NULL,1
Málaga,4,55,14,13,7,72,47,1ª,2016,23,NULL,NULL,1
Sevilla,5,51,13,12,10,45,29,1ª,2016,23,NULL,NULL,1
Villarreal,6,47,13,8,17,38,51,1ª,2016,23,NULL,NULL,NULL
Celta,7,42,11,9,15,30,37,1ª,2016,23,NULL,NULL,NULL
Éibar,8,42,8,18,12,36,42,1ª,2016,23,NULL,NULL,NULL
Betis,9,38,8,14,13,29,36,1ª,2016,23,NULL,NULL,NULL
Espanyol,10,35,8,11,7,48,27,1ª,2016,23,NULL,NULL,NULL
Getafe,11,35,8,11,15,37,48,1ª,2016,23,NULL,NULL,NULL
Rayo Vallecano,12,31,8,7,16,58,50,1ª,2016,23,NULL,NULL,NULL
Ath. Bilbao,13,30,7,9,13,41,38,1ª,2016,23,NULL,NULL,NULL
Las Palmas,14,30,7,9,14,38,44,1ª,2016,23,NULL,NULL,NULL
Valencia,15,28,6,10,12,37,33,1ª,2016,23,NULL,NULL,NULL
Real Sociedad,16,26,6,8,13,37,39,1ª,2016,23,NULL,NULL,NULL
Dptivo. Coruña,17,25,4,13,14,22,44,1ª,2016,23,NULL,NULL,NULL
Granada,18,23,4,11,14,25,32,1ª,2016,23,NULL,NULL,NULL
Levante,19,19,4,7,21,37,48,1ª,2016,23,NULL,1,NULL
Sporting Gijón,20,19,4,7,16,32,37,1ª,2016,23,NULL,1,NULL
Leganés,1,48,12,12,15,53,59,2ª,2016,24,1,NULL,NULL
Llagostera,2,48,12,12,15,41,41,2ª,2016,24,1,NULL,NULL
Elche,3,43,11,10,8,48,28,2ª,2016,24,1,NULL,NULL
Ath. Bilbao B,4,43,11,10,13,61,39,2ª,2016,24,NULL,NULL,NULL
Valladolid,5,42,10,12,11,42,32,2ª,2016,24,NULL,NULL,NULL
Mallorca,6,39,10,9,14,37,33,2ª,2016,24,NULL,NULL,NULL
Zaragoza,7,38,8,14,10,36,36,2ª,2016,24,NULL,NULL,NULL
Numancia,8,38,7,17,15,33,50,2ª,2016,24,NULL,NULL,NULL
Ponferradina,9,37,8,13,18,45,61,2ª,2016,24,NULL,NULL,NULL
Mirandés,10,37,8,13,16,35,51,2ª,2016,24,NULL,NULL,NULL
Córdoba,11,36,9,9,16,45,46,2ª,2016,24,NULL,NULL,NULL
Oviedo,12,36,8,12,13,33,44,2ª,2016,24,NULL,NULL,NULL
Almería,13,35,7,14,14,42,47,2ª,2016,24,NULL,NULL,NULL
Alavés,14,34,9,7,18,35,45,2ª,2016,24,NULL,NULL,NULL
Alcorcón,15,34,9,7,18,57,52,2ª,2016,24,NULL,NULL,NULL
Girona,16,34,6,16,15,43,54,2ª,2016,24,NULL,NULL,NULL
Gimn. Tarragona,17,33,8,9,17,35,48,2ª,2016,24,NULL,NULL,NULL
Osasuna,18,32,8,8,17,32,49,2ª,2016,24,NULL,NULL,NULL
Lugo,19,32,7,11,20,23,41,2ª,2016,24,NULL,NULL,NULL
Tenerife,20,30,7,9,16,36,38,2ª,2016,24,NULL,NULL,NULL
Huesca,21,29,5,14,15,47,46,2ª,2016,24,NULL,NULL,NULL
Albacete,22,28,7,7,19,35,62,2ª,2016,24,NULL,NULL,NULL